西安饭庄(锦业路店),108.86848124841202,34.19395466232866,陕西省西安市雁塔区锦业路38号粤汉国际二层
海底捞(高科广场店),108.89636048431053,34.24389027665382,高新区高新四路高科广场C座3层
海底捞(西关店),108.91659389920149,34.26067810841587,莲湖区西关正街30号
西安饭庄(长安南路店),108.94126681914273,34.20287355530122,"西安市长安南路375号二,三楼(陕师大斜对面南100米)"
苏福记(紫薇臻品店),108.8757500585361,34.23930492193068,科技路西段紫薇臻品19幢1单元1层10103室
莲花餐饮(高新店),108.89234210030116,34.220499886978345,西安高新区高新路南段89号
外婆印象(高新店),108.89552728073292,34.226847108942344,高新路环亚花园5号（高新一中往南500米路西）
西安饭庄(丰登路店),108.89405361257624,34.26076383222734,陕西省西安市莲湖区丰镐东路30号喜来登东邻
锦翔炝锅城(朱雀路店),108.93402331311712,34.20452402959279,西安市朱雀大街南段50号长江丰泽园A座一、二层
李记搅团(丰庆公园店),108.88964960086564,34.24906850209006,丰登南路2号（丰庆公园西门对面伟基大厦2F）
鑫华府美食广场,108.87125712986044,34.1964234832589,陕西省西安市高新区绿地世纪城1号（丈八三路与锦业路十字以北）
马骥家泡馍馆,108.93417353235603,34.226616609639755,西安市雁塔区朱雀大街250号省委党校东门外六层楼一层
外婆印象(唐延路店),108.88552809313582,34.23558607475192,西安高新区唐延路3号唐延国际中心5楼(近卜蜂莲花)
外婆印象(锦业路店),108.87062352395104,34.19493531001346,高新区锦业路36号旗远・锦上二期编号10302-西
苏福记(博文路店),108.90186507062846,34.2297143470364,高新区科技路中段26号质检大厦1-2楼(博文路口)
苏浙会馆(高新路店),108.90194438578055,34.24151520148786,陕西省西安市雁塔区高新一路2号国家开发银行大厦楼下
真爱中国餐馆(朱雀大街店),108.93412913509938,34.238397225407226,朱雀大街中段38号（小雁塔西门对面）
名羊天下陕北横山铁锅炖羊肉,108.90039376818866,34.226650473638074,博文路39号
大厨小馆(丈八三路店),108.87216812180182,34.197314651055706,锦业路绿地世纪城饕界品味巷103号
外婆印象(北大街民生国际店),108.94132450750327,34.263259581698264,西安市莲湖区北大街28号民生百货F8
盛运涮烤自助餐厅(电子正街店),108.91416787409013,34.20047185898886,电子正街与丈八东路十字路西北角（民生百货3楼）
清真米家牛羊肉泡馍,108.931849454629,34.2196673126844,雁塔区西安市雁塔区雁塔西路医学院对面双鱼花园三层(阳阳国际)
北京老铺(高新店),108.87753020650625,34.24055545521976,陕西省西安市雁塔区团结南路239号(紫薇臻品东门对面)
苏福记(高新店),108.89668515303062,34.24337103177445,高新区高新三路2号海佳云顶商住楼1层
小杨烤肉明德门店,108.93469582648598,34.210325864509464,城南客运站向南100米路东南方星座A座2楼
国力仁和(高新店),108.90112499236072,34.22752244314477,科创路与博文路十字东南角
福茂源陕北铁锅羊肉(高新店),108.89172173058716,34.21924261678879,高新路108号枫林绿洲小区北门A9公馆商业2层
辣宴火锅,108.92873071716234,34.252158394787365,西安市碑林区环城南路西段45号
菜客・陕菜,108.93084637890296,34.254146015316216,小南门里十字西北角向西10米报恩寺街3号
紫鑫阁饭P含光门店,108.92827904385706,34.25420544320166,含光门冰窖巷1号（靠近甜水井街）
麻辣空间（绿地世纪城店）,108.87003702228381,34.196053263072756,西安市高新区锦业路绿地世纪城绿地国际俱乐部5楼
外婆印象(丰庆店),108.8967439870713,34.24828911160564,西安莲湖区桃园南路19号(丰庆公园东门对面)
北京老铺烤鸭(御铺店),108.92330860776846,34.25226350293406,陕西省西安市碑林区环城南路西段202号(近西北大学北门)
人人居(劳动路店),108.90662679187709,34.243147207367144,碑林区友谊西路127号西北工业大学南门（近劳动南路）
王朝轩(高新旗舰店),108.88816290704166,34.236473306085344,高新区科技路50号金桥国际广场A-B座裙楼(近高新管委会)
外婆印象(含光路店),108.9277223734345,34.23521902857143,含光北路23号九锦台北区3楼
福泰宫,108.865890779995,34.27719151970468,枣园西路8号(城西客运站西300米)
大自在火锅(丰登路店),108.88987721093754,34.249088687140706,莲湖区丰登南路2号丰庆公园西门野芙蓉1楼（近丰庆公园西门）
大厨小馆(东仪路店),108.9227871860797,34.192764149050895,公交车站世家星城终点站(长安西路与东仪路十字西南角)
梁记菜馆,108.86724013452688,34.24420564747209,丈八北路7号南风大厦2楼（科技路西口向北400米路西）
2068香辣虾(西关正街店),108.91172401727255,34.2611028451597,"莲湖区西关正街283号南小巷对面(近杠上花,北京亚辰)"
锦翔炝锅城,108.90565200471879,34.25480994219804,莲湖区劳动南路99号锦绣华庭1-2层
鱼厂,108.867229653362,34.237666001373334,高新区科技路西口天朗l蓝湖树东门商铺二楼
比格比萨(城市皇冠店),108.89213307706198,34.24001862923542,西安市雁塔区城市皇冠底商三层10301室
鲜上鲜文鱼庄(科技路店),108.8828384299122,34.238310444345736,科技路路南杰座广场2楼（近沣惠南路）
沸腾鱼庄,108.86868252382533,34.23457829939743,高新区丈八北路和唐兴路交汇处城市风景都市印象16号楼601室
小浪花自助涮烤,108.9384329573672,34.27194601234245,立新街1号
大厨小馆(友谊路店),108.92962705888668,34.24237553423147,西安碑林区友谊路黄雁村十字东南角华豪丽晶2楼(公务员大厦正对面)
同福龙虾,108.8931144982168,34.221707178293926,高新路与科技四路十字往北260米路东高新路89号云顶园一楼（星光天地KTV楼下）
辣江山,108.94142658643513,34.257790615620294,西安市碑林区西木头市78号
火焰山自助美食汇,108.90495095109665,34.24688112108436,西安市莲湖区劳动南路118号西市城B1
老刘家牛羊肉泡馍(立新街),108.93827983009747,34.27482290607021,莲湖区青年路立新街29号(陕西立新药房北侧)
外婆印象(西工大店),108.91245003257151,34.242304034531784,西安市碑林区友谊西路白庙路十字东南角人人乐2楼
俏江南(西安林凯店),108.89553811353325,34.234087284339,科技路38号林凯国际大厦3-5层
杨翔豆皮涮牛肚(朱雀大街店),108.93408692184404,34.205025614309086,朱雀大街南段52号（华园裙楼一楼）
飞鹿火锅,108.92472464761492,34.272310036401464,陕西省西安市莲湖区莲湖路西北一路3号(玉祥门里100米十字向北50米)
中国重庆老火锅,108.92769127696825,34.23520360237129,含光北路23号九锦台北区3楼
蝎王府羊蝎子火锅(电视塔店),108.94170968847463,34.20324540406757,西安市雁塔区天坛西路象牙公寓2楼
朱军鱼庄含光门店,108.92821848619788,34.25723431394805,西安莲湖区含光门里甜水井101号(甜水井十字东南角)
船动力(高新店),108.87113606595149,34.23870663945718,高新区科技路76号唐南香榭小区6号楼2层
上海人家(含光路店),108.92733136105228,34.25072810661584,陕西省西安市城南含光北路160号（含光门外向南100米）
重庆秦妈火锅(枫林绿洲店),108.89164590821613,34.219134413407936,高新区高新路与科技四路十字东南角(枫林绿洲A9公馆商铺)
大海子西府民俗村(高新店),108.91255620166545,34.22760823217612,科技路1号紫薇龙腾新世界1-3层商业群楼二层前厅
顺水鱼馆(高新路店),108.89098227905825,34.21853921653964,高新路与科技四路十字东南角（枫林绿洲西门望庭国际对面顺水鱼馆）
麻辣空间(西稍门店),108.90466340658338,34.26044716129937,西稍门十字西南角柠檬宫舍2层(开元商城西旺店)
聚兴楼泡馍馆,108.93521386185263,34.21359018039065,青松路41E
锅上飘自助涮烤城,108.90347850345505,34.220970668707636,陕西省西安市雁塔区科技二路46号
老北京铜锅涮肉,108.86475814983291,34.23860139699887,科技路西口蓝湖树商街A区门口(近富鱼路)
春来和(团结南路店),108.87633491101529,34.26116662846788,丰镐西路55号(团结南路与丰镐西路交叉口西北角)
伊鼎火锅,108.92491279154329,34.26134158261413,西大街299号平安大厦2楼（麻辣空间向东150米）
福茂源陕北铁锅羊肉 唐延路店,108.88533319114451,34.24164070104637,唐延路唐延鑫苑商业2层（顺峰山庄北侧50米）
渝老道火锅,108.88464358196696,34.18727937656269,陕西省西安市雁塔区西沣一路8号
海鲜火锅虾佬圣汤,108.88711851365485,34.23794246823144,旺座国际城D座3层40301号
2068香辣虾(北山门店),108.91517858878233,34.20633552876305,电子正街231号
东滩水盆羊肉庄唐兴路分店,108.87179636983521,34.23453530756422,高新区唐兴路13号一层
纳家楼(习武园店),108.92622034635967,34.27491526164078,西安市莲湖区习武园8
苏浙会馆(大庆路店),108.88597209222017,34.27046068722587,大庆路136号西二环立交西南角(大土门村56号)
快颐坊,108.92771136556694,34.23544316116009,碑林区南二环含光路九锦台商业北3区3楼北侧
致和牛羊肉泡馍,108.8646511245744,34.27672082474813,枣园西路50号
果渊斋米家泡馍馆(北广济街店),108.93435245544933,34.268054887000005,西安莲湖区北广济街277号
竹园村火锅(电子城店),108.91542585981803,34.20583500933746,西安雁塔区电子正街229号
北京老铺烤鸭(锦铺店),108.93470973610474,34.22394982006696,雁塔区朱雀大街399号（子午路十字东南侧）
烤什么名堂,108.92106438828239,34.25726332838302,西安市莲湖区百花壹号迎春巷22号
栗乡春竹陕南民间私房菜,108.90437814323248,34.25952258373314,沣镐东路副二号(西稍门十字西南角巷内协成花园酒店1楼)
红透天自助涮烤(土门店),108.86650530072309,34.26274584509869,西安市莲湖区汉城南路100号华东・万锦城购物中心F4
德发长饺子馆(钟鼓楼店),108.94101903613003,34.26188881368258,钟鼓楼广场1楼
合鼎元火锅,108.9051872205518,34.24301675011717,劳动南路10号
椒香火辣,108.89681825403439,34.21740597560757,科技二路甘家寨东二排34号1层
老城关腊汁肉夹馍(高新路店),108.89999331428783,34.23424729645078,高新区高新路52号高科大厦一层1-2室
品尚鲜美食,108.89745289295216,34.20604096966413,电子四路融桥紫薇馨苑A幢1011室
小杨烤肉全国连锁朱雀路示范店,108.9348240969838,34.23005422708509,西安雁塔区朱雀大街517号(南二环与朱雀路口南侧)
香鸭掌(永松路店),108.91499793759345,34.219961922377145,雁塔区永松南路10号丁白村(紫薇花园向北500米)
Helen's西餐吧,108.9259666006619,34.22477732798362,陕西省西安市雁塔区吉祥路小学南门
人人居(四府街店),108.93120089683403,34.25710046245171,四府街与五星街路口78号
京信德北京烤鸭(东仪路店),108.92337329503567,34.19750048802263,东仪路8号(雁塔区东仪路与丈八路十字交口南侧)
豪上鲜文鱼庄,108.87150634440565,34.196106006602214,雁塔区锦业路与丈八三路十字东北角建行3楼(绿地世纪城饕界中心广场)
众家灯火煎饼庄(科技路店),108.90597389796174,34.22856302008502,雁塔区科技路10号太白花园门面房990031号
简朴寨(西安总店),108.93732499235256,34.2728579108722,西安莲湖区青年路91号(近交警莲湖大队)
马骥家泡馍烧烤,108.93786730644594,34.19113431794502,电视塔华城国际小区南门，国美电器电视塔店南侧向西100米（西三爻村委会向东100米）
豪享来(西关店),108.91579244197322,34.260724918478,西安莲湖区西关正街58号英达大厦1楼
2068香辣虾,108.86810049763012,34.26115709240272,汉城南路149号协和医院东邻
四季恋(西市城店),108.90473566859144,34.246961943339166,西安市莲湖区劳动南路118号西市城购物中心4层
北京楼涮锅,108.93804569009048,34.273669650631184,莲湖路立新街中段北曹家巷西口(莲湖交警大队向北48米（立新街与北曹家巷交汇处）)
仟禧自助涮烤(明德门店),108.93510351273333,34.209458621712464,朱雀大街明德门南方星座B座5楼
大宅门火锅,108.91659191667524,34.26070413867369,西关正街70号2楼
巴蜀老革命主题火锅,108.90315794184451,34.24603035176863,陕西省西安市莲湖区西市一路与西市南路交叉路口旺园学生公寓2楼(大唐西市南门)
红透天自助火锅(东仪路店),108.92394402028864,34.207021757117964,西安雁塔区东仪路与明德二路十字东北角
妙妙北京涮肉坊,108.88310139149561,34.212849809169725,西安高新区沣惠南路36号橡树街区A座
克拉拉(汉城店),108.86690959939128,34.262914228509445,西安市莲湖区汉城南路100号华东・万锦城购物中心F2
杏花村,108.89912692747883,34.261267117094626,陕西省西安市莲湖区沣镐东路1号
蛐蛐火锅(吉祥路),108.91940118633872,34.22472124674691,西安市雁塔区吉祥路127
快颐坊(大寨路店),108.87297973636291,34.24708541593508,西安市雁塔区大寨路19号晶鑫商业广场4层
大龙D火锅(粉巷店),108.93690472921392,34.25726791400236,陕西省西安市碑林区粉巷南院门大车家巷口斜对面古道茶城2层
花腰部落,108.94180257850242,34.229774243396434,长安中路108号音乐学院音乐文化大厦门面
香香大盘鸡(长安南路店),108.94141641417364,34.205222989172924,雁塔区长安南路200号华东服饰广场三楼(陕师大正门对面)
北京唐顺肥牛(电子西街店),108.9100864941838,34.20651913941442,电子四路9号3层
豪享来(广济街店),108.93472132376911,34.258135440512135,南广济街77号广济小区8号楼1楼(西大街百盛南侧)
春发生(南院门店),108.93660918043703,34.25722561460271,碑林区南院门20号
鲜羔楼三味火锅,108.82107598655676,34.25361908612545,陕西省西安市未央区一号路22
醉淡泊,108.93096620344936,34.20898947113902,明德门明德北路39号
清真尚品旋转火锅(大皮院店),108.93636566037313,34.265955875580154,陕西省西安市莲湖区大皮院64号
聚四海自助涮烤(丰登路店),108.89029094704213,34.26368923756759,丰登北路展大大厦二楼
干锅居(电子正街启航店),108.91522195386298,34.20706837046002,西安市雁塔区电子正街249号
2068香辣虾(和平村店),108.82171998118123,34.25430590052836,和平工业园一号路铁路南商业楼4单元1层
老北京前门烤鸭太白南路店,108.91424949834028,34.229726668609366,太白南路318号六幢二层北201室、202室
顶顶香(桃园南路店),108.89675279792078,34.24946593568287,桃园南路19号西港国际花园(近丰庆公园)
西安烤鸭店(西荷花园店),108.92227320506997,34.23734882331049,劳卫路中段1号西荷花园五号楼办公楼群楼1-3层
北京涮羊肉,108.93411347406936,34.22639572661131,朱雀大街250号东方大酒店西门斜对面（子午路站下车向北走60米路西）
豪客来(高新区永辉店),108.88433618616284,34.23939381069883,唐延路168号永辉超市负一层B002号
袁记串串香(丈八路店),108.86850329612767,34.233309486391576,高新区丈八北路和唐兴路丁字路口东南角（利君明天一层商铺）
悦豪酒店云顶餐厅,108.89756782429222,34.24285469304806,西安高新区二环南路西段180号(近高新三路)
红透天自助涮烤（大寨路店）,108.86848174258033,34.24647378177314,高新区大寨路与丈八北路十字东南角(新乐城三楼)
重庆小天鹅(新世界百货店),108.94179999905643,34.26458116486027,西安市莲湖区北大街88号新世界百货F3
纳家楼(土门店),108.86679777210874,34.26254422029984,西安市莲湖区汉城南路100号华东・万锦城购物中心F4
新辣道鱼火锅(凯德广场店),108.93136480325411,34.230708731542265,西安市雁塔区二环南路西段64号凯德广场新地城F5
月满大江,108.93795632884527,34.19332658987739,长安西路长丰园小区2号3号商铺
香港表哥茶餐厅(凯德广场),108.93191523017853,34.23072898435855,二环南路西段64号凯德广场新地城03层14号
澄城水盆羊肉(大寨路恒大城店),108.85903378575773,34.24702382377009,大寨路恒大城小区2-107
万家灯火煎饼庄(高新四路店),108.89154163793607,34.23933484058982,高新四路新西蓝二期3号楼1单元10101号商铺
千家宴餐馆,108.92529643686616,34.25388910374859,含光门里西甜水井街向西200米火药局巷东口
子午路张记肉夹馍(永松路店),108.93484896448992,34.22408542607674,陕西省西安市雁塔区朱雀大街子午路什字东南角
强氏喜阿婆粥饼店全国连锁西安回民街店,108.9379894163259,34.266056376303325,西安市莲湖区大皮院28号
雅泰来(南大街店),108.94189516381343,34.258125400384436,南大街8号世纪金苑（近滚石新天地）
塞拉维(高新店),108.90350101937523,34.2379616189322,高新区高新路25号糜家桥小区北侧(近巴克斯餐厅)
清真古城好一锅羊蝎子火锅,108.9346204147966,34.25847510777899,南广济街79号(五味十字向北50米)
穆巴拉客(回民街店),108.93395471247746,34.264806908352206,庙后街19号
大龙D火锅(高新店),108.9008522730787,34.23760125212558,高新区高新一路13号安吉皇家酒店1楼(瑞丽整形美容医院对面)
饿狼串说,108.93739948090399,34.25719714652553,南院门与大车家巷丁字向西50米古道茶城二楼
大魏道火锅(高新路店),108.90276219353906,34.23823777383199,高新路14号4楼
大海子西府民俗村,108.9393411896598,34.22688957775964,小寨兴善寺西街68号(大兴善寺，金商地下停车场)
诸葛烤鱼(太白北路店),108.91896877666322,34.25167328982973,西安碑林区太白北路271号(环城南路西口)
澄城水盆羊肉(光华路店),108.91670097998242,34.22958834901008,光华路东段(太白南路光华路十字东100米)利合蔬菜便利店旁
赖胖子肉蟹煲,108.86738783306272,34.23723300911084,科技路西口丈八北路天朗蓝湖树小区东门2层
莱慕客西餐厅,108.9351625604625,34.22418516111209,雁塔区小寨西路114号(子午路十字东南角东方大酒店的斜对面(朱雀大街与小寨西路十字))
重庆巴江水新派火锅(黄雁村店),108.92733955316952,34.243048088151916,陕西省西安市碑林区含光北路96号
蝎王府(西稍门店),108.9056883245489,34.26183705174424,环城西路街道劳动路5号
清真大城小味旋转火锅,108.93188576806345,34.262686943030964,大学习巷37号
火吧西安1号店,108.93278127433307,34.26077239142267,西大街126号荣民国际饭店二楼
老把式水盆羊肉,108.87815644850998,34.26650596122378,团结北路翡丽城8号楼10101号
晋肴阁(南稍门中贸广场店),108.9403458817338,34.24306616870174,南稍门中贸广场餐饮楼二楼扶梯口
竹园村火锅(高新店),108.90573437733673,34.24124918577835,碑林区劳动南路19号(近西安图书馆)
绝品稻香蛙绿荷餐厅,108.93488946082905,34.25789364822679,陕西省西安市碑林区南院门53号
九成香老火锅(科技路店),108.86813205689623,34.239615899222194,科技路与丈八北路十字东北角(华润万家超市西门3楼)
辣动时代自助火锅(桃园店),108.89631145705191,34.26635679764853,"桃园路街道中国工商银行南50米,桃园路附5号"
曼妙午后(科技二路店),108.90287150674546,34.22140076058079,科技二路文理学院北门向西50米
三味渔府(友谊西路店),108.93755743315832,34.24307239183123,西安市碑林区友谊西路101号
鸭掌门(阿房一路店),108.8309415113517,34.27045535607328,西咸新区沣东新城阿房一路33号
嘻多多(小寨店),108.94153657667655,34.22134261740549,西安市雁塔区
百花琴台牛排自助餐厅,108.93134076981485,34.23047324861462,西安市雁塔区二环南路西段64号凯德广场新地城F4
成都呱串串,108.86795616588526,34.24648626183427,西安市雁塔区新乐城商铺1楼
德发长饺子馆(小雁塔店),108.93813801492875,34.2424835839478,友谊西路74号一二层
金彤川菜,108.91552056447141,34.26068020056641,西关正街68号2层
小蛮子纸包鱼舌尖美味,108.91143951640258,34.209810464261984,电子三路中段106号（西京社区东区对面）
花之林人文茶馆(开元商城店),108.9082382315263,34.26071411151607,西关正街258号御道华城2楼(西稍门开元东侧)
小杨烤肉(西荷店),108.9233105413715,34.236907221893865,陕西省西安市碑林区劳卫路西荷美食商业街3-4-5号楼二层2004号商铺
皇中百岁鱼(大唐西市店),108.90519839735128,34.24696595186677,劳动南路118号西市城购物中心负1层9B1101
闽粤轩海鲜楼西安店,108.9175312663644,34.224465006663884,吉祥西路298号长海大厦一层（太白小区十字西南角）
芽尖儿小菜,108.93360704908805,34.219166999199714,雁塔西路132号阳阳国际广场2楼
藏式秘汁烤鱼(劳动南路总店),108.90605817229766,34.241828019386006,劳动南路转盘23号
韩烧里,108.90390872724173,34.24736357018266,西安市莲湖区大唐西市丝绸之路风情街二楼
星星泡菜锅韩式自助餐(大唐西市店),108.90480701524368,34.24733828218178,西安市莲湖区劳动南路118号西市城F3
香港表哥茶餐厅,108.93818971137594,34.2605507380204,西安市碑林区西大街48号银泰百货F4
重庆小厨,108.93810435948505,34.27309683870391,西安市莲湖区立新街8号楼1单元1010室
老义家传统美食,108.92995004365744,34.215997333916505,西安市雁塔区含光南路9号
尚捞旋转自助小火锅,108.9277872499335,34.26616156028087,回民街洒金桥44号(清真古寺隔壁)
火狼大盘鸡西安总店,108.8910158124898,34.26480233929455,团结东路12号
乡党臊子面(丰庆店),108.89597796476248,34.252077324633404,莲湖区桃园南路丰庆公园东北角丰庆宫酒店院内
七婆串串香火锅(含光路店),108.92778951129944,34.234480032890865,含光北路23号九锦台内
永信伊泡馍(外事北校区店),108.8567497977661,34.23932200066443,外事北校区大门东侧30米富鱼路81号
码头故事(大寨路店),108.87664156029545,34.24448041633956,陕西省西安市雁塔区大寨路与团结南路交叉口向南100米响塘广场c座3楼
大自在火锅(五星街店),108.93119099575647,34.25724162843534,五星街8号
莱珍轩时尚臻牛(西安总店),108.91288254445601,34.27316757848393,西安市莲湖区欣集古镇9号
兄弟大灶台(大庆西路店),108.85011789829379,34.270200177195434,西安市未央区大庆路898号
香长安自助涮烤,108.84909528040953,34.274186109580256,阿房二路东口往南30米
一尊皇牛(高新店),108.87356214996912,34.24705313259696,大寨路晶鑫商业广场A座3楼
泰熙家,108.90890269969542,34.217283708704635,西安市雁塔区人人乐西门
金饭(长安南路店),108.93940686877644,34.20694194858794,陕西省西安市雁塔区长安南路246号东侧
代购 绿茶(西安王府井店),108.9406382602417,34.248291259570166,西安市碑林区南关正街88号王府井百货南馆F5
鲜上鲜文鱼庄阳阳国际店,108.93291167626866,34.21879420084769,朱雀大街阳阳国际C座2层05号
狮头锅,108.92388925471592,34.20285253909516,陕西省西安市雁塔区东仪路17-g号
湘锅时代湖南湘菜,108.86712989776973,34.26216732882059,制药厂十字西北角华东万锦城四楼
胖之味・果木烤鸭,108.91732041282413,34.20708372957779,"电子正街北山门东街32号(电子四路十字路口东,北山门村沿村口继续向东300米)"
赛拉维（凯德广场）,108.93159936288939,34.231217380541814,陕西省西安市雁塔区二环南路西段64号凯德广场新地城01层K01、01/27号
新元海鲜粥城老机场店,108.90391911117557,34.25798434548682,西安市莲湖区西稍门丰庆路358号(近老机场路)
晓宇火锅(粉巷店),108.93724526403118,34.2572325542715,粉巷南院门15A南苑中央广场食尚南苑2层A08
荣荣鱼庄,108.91940466580913,34.21371328873952,电子二路中段路北国晟大厦1楼(博爱医院，西安石油大学)
小四川火锅,108.94114224311016,34.204270310589955,长延堡街道长安南路116号嘎嘎KTV向里100米(华东服饰广场)
孔乙己(王府井店),108.94166299261413,34.24829340131904,西安市碑林区南关正街88号王府井百货南馆F6
重庆鸡公煲(边家村店),108.91817722281709,34.247523212552125,西安市碑林区太白北路276号（太白北路与大学南路十字向西50米路南）
川渝人家(时尚店),108.91461564627336,34.20563964541293,陕西省西安市雁塔区电子正街118号(汉唐足浴南行20米)
德乡园重庆火锅,108.90349178379961,34.24673781976899,西安市莲湖区劳动南路118号西市城F3
中田川菜(华东店),108.9414176269945,34.205022105790945,西安雁塔区长安南路196号华东服饰广场4楼
彼得西餐,108.93196040619442,34.23026736568667,西安市雁塔区二环南路西段64号凯德广场新地城F4
巫山城外烤全鱼(东仪路店),108.92343799451932,34.208366073862514,东仪路3号东怡宾馆1楼（石油大学南门向南200米）
千福聚北京烤鸭陕西总店,108.88985680294768,34.2583355622702,丰登南路98号
王府臻品火锅(丈八东路店),108.92333385939996,34.19779201131547,雁塔区丈八东路8号，丈八东路与东仪路十字南走200米路西（通信学院福利区）
麻婆豆腐,108.94056381405134,34.244478871646834,南关正街中贸广场3楼（重庆万里船旁边）
猫咪餐厅(朱雀门外店),108.93676009784699,34.25212164171714,南门外西南角金花豪生酒店向西300米路南环城南路48号城市郦景小区2单元2104
大唐龙锅,108.94071746106643,34.245386593141944,南关正街32号中贸广场1号楼1层2号（max量贩KTV旁）
顺峰山庄(唐延路店),108.8853379555969,34.24107387489254,陕西省西安市高新区唐延路北段66号唐延鑫苑4号楼(锦都小区南侧)
鲜上鲜文鱼庄(高新路店),108.89003654031627,34.21888972692121,高新路80号望庭国际一栋楼10106室
2068香辣虾,108.86933345696532,34.23932961738598,西安市雁塔区科技西口枫韵蓝湾1幢4单元2层
大魏道火锅(西大街店),108.92197275554472,34.262067829403904,安定广场1栋101号一，二层儿童医院对面
拾堂,108.8667994222385,34.262173287500595,西安市莲湖区汉城南路100号华东・万锦城购物中心F4
大自在火锅(和平村店),108.81921298493002,34.260758742528026,三桥和平村十字西南角伯乐城市广场6层
喜多屋,108.93803713809676,34.26016409053973,西安市碑林区西大街48号银泰百货F7
锅沸沸酱香砂锅,108.91790846147154,34.247686694658,大学南路113号
大兴善寺宝严素食坊,108.93898261491164,34.2273996209925,小寨兴善寺西街55号大兴善寺内
秦宝肥牛世界阳阳国际店,108.93312907775308,34.21896234100299,雁塔区朱雀大街132号阳阳国际广场B座3楼(西安医院对面)
泼妇鱼庄(永松路店)(在建),108.9216148508159,34.230068047923375,陕西省西安市雁塔区永松路70号
汉城烧烤(兴善寺西街店),108.94131586636806,34.22722375568252,兴善寺西街2号3楼
常记果木烤鸭,108.86774358801058,34.26055767105869,汉城南路133号(制药厂十字路口东南角20米)
糊涂记(八佳路店),108.9167910604912,34.25795510255449,环城西路南段78号东光大厦13层
莱卡味道,108.91463836019474,34.242413962920324,友谊西路352号凯瑞大厦2层
爱尚披萨,108.88550567515932,34.26291842431335,陕西省西安市莲湖区西二环南段239
潮尊牛丸火锅,108.88608835115765,34.26204956347691,西安莲湖区土门十字国美电器3楼
跳水鱼,108.89867215955512,34.26496229775795,团结东路35号（劳动公园南门西侧50米路北）
北京老胡同烤鸭(朱雀门店),108.93415386842433,34.25562718538769,南广济街36号蕾德曼酒店一楼
刘小厨,108.89238699248155,34.24067021346594,高新四路嘉龙大厦1楼
恒记川菜,108.93262695268089,34.271119183907885,西安莲湖区莲湖路108号好世界大酒店2楼(原老成都盆盆菜)(近莲湖公园)
锦府盐帮菜,108.90032350033562,34.256822654534055,西安市莲湖区锦园路13号丰庆公园办公综合楼208室(锦园小学东门)
斗牛士牛排馆(金花美居店),108.9268642164987,34.2604488788351,西大街208号世纪金花美居店1楼
正宗北京烤鸭(白沙路店),108.90719780587693,34.230309153646324,白沙路2号
一品竹园(永阳公园店),108.8867599707197,34.19968648646618,陕西省西安市雁塔区唐延南路1号
胖胖私房鱼,108.92218390759135,34.23733942913534,太白立交东北角西荷花园1号楼2206室(西荷社区活动站对面)
比格比萨(北大街店),108.94189480626035,34.263210031179945,西安市莲湖区北大街28号民生百货F8
邹大厨旋转小火锅,108.86235413671622,34.23500132907258,陕西省西安市雁塔区西安外事学院鱼化优宝幼儿园
蜀香鼎老灶火锅,108.90157712963013,34.22151283893815,西安高新区科技二路与白沙路交汇处丁字路口(春发芽隔壁)
宽窄巷(怡丰城店),108.91740821555159,34.23707220276761,陕西省西安市碑林区二环南路西段155号怡丰城购物中心b1层b1-15-16号
六街鸡煲(西木头市店),108.94070395895184,34.25768743717222,南大街西木头市17号
庐鱼风尚主题餐厅,108.93817132200667,34.25795020242934,陕西省西安市碑林区南院门5号
澄城水盆羊肉(民洁路店),108.87111706922285,34.247061525110865,昆明路128号昆明花园西侧(近民洁路)
重庆尚味轩火锅,108.90829840274704,34.206540355327206,电子四路西段1号（魔方KTV西50米内）
皇中百岁鱼(丈八北路店),108.86783614768159,34.250031531727025,高新区昆明路-丈八北路88号
重庆小天鹅(凯德店),108.93149022188024,34.230060756194206,西安市雁塔区二环南路西段64号凯德广场新地城F4
傻得冒(电子五路店),108.89621552779164,34.20192732429207,电子五路西口金泰假日华城底商金泰假日花城
丽江龙继斑鱼火锅(高新店),108.90033183398096,34.226363889513,高新区博文路南段39号
米糖里音乐足球餐吧,108.92341342411794,34.2108838853925,东仪路西安第四十六中学米糖主题酒店2楼
居酒屋,108.90527757027297,34.24703724043831,大唐西市风情街2楼日本区
胖嫂自助火锅,108.93122855907187,34.199820892847534,丈八东路3号
菲洛蒙现烤比萨(外事北校区店),108.85836419647724,34.23773311143698,鱼化寨外事学院北校区福谦堡145号宇翔手机卖场旁
黑面蔡(大唐西市店),108.90342273625478,34.24680331733002,西安市莲湖区劳动南路118号西市城B1
刘记腊汁肉揪面片,108.93771529797453,34.256435303711434,大车家巷33号
多木铁板烧(唐延路店),108.88530856468489,34.23972193746052,西安高新区唐延路金时代2楼(近科技路)
36趣时尚涮吧(北大街店),108.94173248165217,34.26405109506377,西安市莲湖区北大街88号新世界百货B1
藏式秘汁烤鱼(南门店),108.9408466435878,34.243729104027196,南关正街南稍门十字西北角中贸广场3楼
汉唐面庄(劳动南路店),108.90588379012966,34.2416417068462,劳动南路21号
毛记冒菜(大寨路店),108.86812007884586,34.24752406193783,大寨路旭景碧泽园小区西门人人乐出口（大寨路公交站牌旁）
新辣道梭边鱼(卜蜂莲花餐厅店),108.88596619537951,34.23723439867695,西安市雁塔区高新区唐延路3号盛大时代广场F2
黑面蔡(中贸广场店),108.94079477147059,34.24404875802311,西安市碑林区南关正街50号中贸广场购物楼F1
火狼大盘鸡(外事北校区店),108.8567497977661,34.23932200066443,富裕路81号外事北校区东侧150米
青都里(沣惠南路店),108.88186148133494,34.21273985779165,沣惠南路36号橡树街区B座1层
70 80西安往事自助涮烤,108.92346388512742,34.23593572264503,陕西省西安市碑林区劳卫路西荷美食商业街南区12号3楼
克拉拉(高新店),108.90265999412262,34.237870560187794,高新路20号
怡香秦豆皮涮牛肚(怡丰城),108.917411239533,34.2371461319432,碑林区南二环西段155号怡丰城B1楼169号铺（近太白立交）
进家门(卜蜂莲花店),108.88585928342734,34.23608282243356,唐延路3号卜蜂莲花超市3楼3A-05
新辣道梭边鱼(钟楼店),108.94067364782057,34.260673639270934,西大街14号5层
春发芽葫芦头(永松路店),108.91554708210468,34.220760941630346,永松路1号丁白村村口路南100米路西
臻味淡泊私房,108.92355292611347,34.2541139014764,含光门里火药局巷27号
鹿鸣斋泡馍,108.87499658048769,34.22045945376395,科技四路南窑头西区82排10号（西安佳缘小宾馆向北10米）
重庆鸡公煲(西北地区指定加盟商),108.85980694502453,34.23516428521991,鱼化寨寺门巷10号
孙艺涵泡馍(西羊市店),108.93745655664507,34.264884699639865,回民街西羊市中段51号（鼓楼客栈对面）
豪客来(凯德广场店),108.93132569002366,34.230793394171705,西安市雁塔区二环南路西段64号凯德广场新地城F3
永明岐山面高新店,108.90744238686227,34.24316382075111,陕西省西安市友谊西路128号(近劳动路转盘东北角)
融合餐厅,108.93366636487407,34.23208304816874,南二环路西段21号华融国际大厦A座3层
秦回佳食(高新四路店),108.89419834561949,34.24334817482988,西安高新区高新四路(近社区服务中心)
上野日本料理(含光北路店),108.92782158878923,34.232050273374064,含光北路1号2楼
唐道碗菜(开元商城店),108.90769404434943,34.26067008790285,西稍门十字东南角开元商城西旺店6层
仙毫餐厅(民生百货店),108.93376214740836,34.25223914468782,西安市碑林区
澄城东滩水盆羊肉电子正街店,108.91473994035428,34.20476632981368,西安雁塔区电子正街38号(近电子城小学)
串串姥爷小寨店,108.94182193005902,34.22809866984428,长安中路100号，文化大厦北区（C区）百佳购物广场三楼百味小吃城内（百汇市场南隔壁，）
铁蛋鸡汤刀削面,108.88059571636082,34.19464476538239,西安市高新区锦业路1号绿地中央广场-领海B座第1幢1单元1层10102号房
牛蛙爱上虾,108.94123132096855,34.20331673937147,西安市雁塔区长安南路170号象牙宫寓一号楼一层105号商铺
妙境火锅酒楼(粉巷店),108.9346717873169,34.2576553045715,陕西省西安市碑林区南广济街粉巷1号五味什字东北角3层
川味鸡公煲,108.89856332768,34.22174283897798,科技二路甘家寨小区东二排8号楼1层
Spicy烤鱼 清真,108.92508532890373,34.26131642733716,"西大街299号平安大厦2楼(麻辣空间向东150米)(近伊鼎火锅,黄记煌)"
老重庆活鱼庄,108.90831801969857,34.21530157918776,西安市高新区西部电子商业步行街二楼225号
泼妇鱼庄(北院门店),108.9389034707933,34.265836619347965,北院门262号
西安广成大酒店-西餐厅,108.90502894369253,34.25820321991818,劳动南路中段（西稍门十字向南200米路东）
大实在美食广场,108.94178653610527,34.24422540112671,南稍门十字西北角中贸广场购物中心五层
晴海西餐厅,108.90829699807675,34.26031848224481,西关正街258号御笔华章2号楼2201室（近西稍门）
楼兰古丽(高新店),108.88443603536888,34.239834679602694,唐延路168号唐延中心城B1层2号
毛公湘菜馆(西旺店),108.9076940452624,34.26067108781948,西关正街东南角西稍门开元商场6层10108号铺(近绿地世纪城)
泰熙家韩国紫菜包饭(土门店),108.88564886244119,34.26026893499657,西安市莲湖区西二环华润万家一层
大本营土碗菜,108.86842303279371,34.26117892892461,枣园街道汉城南路149号协和医院旁边
久沐餐厅,108.93865060206383,34.25863892214764,西安市碑林区竹笆市114号
一品皇记煌三汁焖锅(沣东和平店),108.81921298493002,34.260758742528026,红光路9号摩玛酒店4层
香在故院,108.92348127042226,34.19880166734718,雁塔区丈八东路与东仪路十字向南100米路西（世佳星城北面）农业银行2楼
炊二哥老火锅(西万路口店),108.89164063106983,34.201658179021784,太白南路与丈八东路交叉口北200米路西
陈三娃泡姜鸡(水司店),108.91912765252117,34.25212652446438,西安碑林区太白北路279号西北大学综合服务楼1号楼(近鼎珍源)
土风炉,108.87529536075462,34.24655025709206,高新区大寨路2号东方米兰2楼(近如家酒店)
穆萨砂锅,108.93645706723122,34.266229384930924,西安市莲湖区大皮院中段路北99号(西华门十字口西侧)
袁记串串香(华东店),108.86705728581069,34.26222599671191,汉城南路华东万锦城4楼（制药厂对面）
老兵居主题串串火锅(沙井村店),108.90626000127358,34.22420426437417,雁塔区沙井村正街337号
卡米寿司,108.93574165084691,34.25730662092897,陕西省西安市碑林区南院门粉巷食尚南院美食广场2F
川西兄弟火锅,108.93402786554822,34.19455954085156,丈八路与朱雀大街十字向南500米路西(紫郡长安F1号楼二层)
海荣锅贴馆(竹笆市店),108.93897046666899,34.2602360501779,西安市碑林区竹芭市街67号
大圣煲秘汁焖锅,108.93557964225657,34.22989478117542,陕西省西安市雁塔区朱雀大街515号新家坡小区9号楼1单元405室
欧匠(高新卜蜂店),108.88552434313017,34.237188561097526,唐延路3号卜蜂莲花商场2楼
九寨沟鲜鱼馆(南二环店),108.92815359922844,34.23191725230576,西安市碑林区含光北路1号副3号（含光路与二环南路十字东北角）
凤凰楼湘菜,108.90577517468881,34.23037314611248,科技路徐家庄南口（水电十五局对面）
长安真味(西关正街店),108.91398544115442,34.26120563282933,西关正街123号多美歌酒店2楼
秦宝肥牛世界(高新店),108.89181787674943,34.2411423552481,高新四路甲字8号嘉龙大厦二楼(西北大学校区南侧)
德克士(土门店),108.88038584467148,34.26077269181369,土门陕医附属医院西侧（丰镐西路102-1号）
比格比萨(吉祥村店),108.92648725935982,34.22473279734447,吉祥村秋林公司2层
大年初一(朱雀路店),108.93401421348666,34.248930214812646,朱雀大街邮电北巷东口（国家税务局北侧）
一尊皇牛(西关正街店),108.9166425311782,34.26120328543656,莲湖区西关正街49-51号大槐树北（近西关派出所）
天凤楼豆皮涮牛肚,108.91611171606338,34.22091591885659,永松路(长安假日酒店向北100米)
胡杨林餐厅,108.905963251818,34.23391109704041,高新区光华路72号（近高新路，导航医院旁）
闻道听香,108.91186108161482,34.206429973082294,电子正街与电子四路丁字路口向西200米，金磊大兴坊小区门口，闻道听香火锅二楼
光影餐厅,108.94130440257733,34.2462184733403,南稍门中贸一层步行街南口
老潼关肉夹馍（大食在美食中贸店）,108.94173672543774,34.244618986886394,西安市碑林区南关正街50号中贸广场购物楼F5
小六汤包(中贸店),108.94006859877062,34.243023083787946,南稍门十字西北角中贸广场餐饮楼1层
今日醉美时尚餐厅(博文路店),108.90015175595565,34.22628673769875,西安高新区博文路39号近科创路近高新一幼
东海渔福(长安南路店),108.94155731775322,34.2035112450084,长安南路象牙宫寓1号商铺3层（长安南路与天坛西路交叉口向西20米路南）
李想大虾火锅花园(大学南路店),108.9190753777029,34.24787391913736,陕西省西安市碑林区大学南路与太白北路交口东北角
汉堡王(凯德广场店),108.93137381880611,34.23077754525623,西安市雁塔区二环南路西段64号凯德广场新地城F1
海荣锅贴馆(五味十字店),108.93157102181932,34.25726088018413,西安市碑林区五味什字68号
澄城水盆羊肉(朱雀大街店),108.93470617402363,34.20228399657279,朱雀大街南段与天坛西路交汇口南150米路东（明德门公交站牌）
江海肥牛(绿地店),108.87196673817465,34.196631623672246,锦业路69号绿地世纪城
东宝餐厅,108.94189381668815,34.26322204318924,西安市莲湖区北大街28号民生国际购物中心7楼(近钟楼)
宝煲,108.919677214084,34.25660667066493,西门外天品西岸20号酒吧一条街（西门外环城公园内，水司对面）
悦莱轩,108.93493509481486,34.20853202582409,西安雁塔区朱雀大街19号南方星座C座2楼(近杨家村)
巨炉烤吧,108.90409845957741,34.231105287296195,科技路76号(质检大厦斜对面)
芝麻主题火锅,108.85562342538051,34.23783963630265,富鱼路外事学院北区正对面巷子里200米(鱼化龙网城向东20米)
石记铜盘火锅,108.94154300492077,34.24530543207341,南关正街中贸广场5号楼1单元2702室(南稍门中贸广场)
听说私房火锅,108.88620899863963,34.239015955908584,科技路与唐延路十字新西蓝小区7号楼3单元301室
鼎香园冒菜,108.8795349430311,34.26075956024327,"丰镐西路118,陕西信合东隔壁,西安医学院附属医院向西150米(天气网吧一楼)"
老鬼火锅,108.93494508424844,34.20856283921557,朱雀大街19号南方星座CD座2层
悠然无界美食餐厅,108.9165404259153,34.23681845407826,西安碑林区二环南路西段155号怡丰城怡丰城B1楼(近太白立交)
九品小厨,108.9152127531263,34.205328667367276,电子正街我爱我家四号楼1单元0101室
康二姐冷锅串串(黄雁村店),108.93005527040282,34.24236580455234,友谊西路236号华豪丽晶二期1层111号(陕西公务员大厦对面)
西安市碑林区雍和祥海鲜火锅店,108.92935252156703,34.252132099747875,环城南路45号时代诺利达8层
壹家韩品,108.94080575291363,34.243997616351834,南稍门中贸广场步行街一楼（原臻坊）
巴渝风洒楼,108.90801624131814,34.23243058193929,陕西省西安市雁塔区白沙路中段五十三中南段6号
鲜又鲜品鱼轩火锅,108.90637828741777,34.230102504987265,科技路徐家庄十字西北角(中国水电十五局正对面3楼)
笙h石锅鱼,108.91311593120778,34.24240154802036,友谊西路246号（人人乐百货三楼）
文老根砂锅(莱安逸境店),108.88561355324573,34.247499085756665,高新区唐延路北段1号(莱安逸境肯德基北20米路东)
四季火锅,108.93896281952985,34.232167038589864,碑林区长安北路14号省体育场1楼(近南二环)
冯恺披萨店(南稍门店),108.9418931224412,34.24516684410811,碑林区南稍门中贸广场B1楼
吴铭火锅(科技路西口店),108.86912737607348,34.239249945171125,陕西省西安市雁塔区华润万家科技路店3层
丽都名人食府,108.86803375924126,34.242750387124616,陕西省西安市高新区科技路西口向北200米（丽都商务酒店1楼）
高非比萨(凯德广场店),108.93189921811484,34.23049835481217,西安市雁塔区二环南路西段64号凯德广场新地城F4
台北小站(大唐西市店),108.90524081987651,34.24901628313322,劳动南路1号大唐西市一宫格三层L3-03
辣香婆时尚自助火锅,108.91850264659588,34.24652386858547,太白北路260号
来个披萨(凯德广场新地城店),108.93170174308537,34.230256934579465,南二环西段64号凯德广场新地城负1楼
杠上花火锅(西稍门店),108.91072048910529,34.26118912959294,莲湖区西关正街233号林苑大厦3楼(南小巷(原国力仁和))
biangbiang面(绿地世纪城店),108.88058228110859,34.195118304971494,锦业路绿地领海大厦B座2楼
月亮奇司(高新店),108.8981871198461,34.229457314680445,高新路51号尚中心1一层M01（高新一中对面）
宽窄巷,108.9307138155609,34.25390640657139,小南门里报恩寺街16号
山城渔乡,108.87440588754649,34.234604943989126,高新区唐兴路11号东辛庄23排2号一楼
天朗时代大酒店餐厅,108.91706590398424,34.27031462906097,环城西路北段360号天朗时代大酒店A座2楼西餐厅！
李昌兰烫菜,108.9119368195706,34.20981472258205,电子商城步行街209A号(近电子一路)
嘻多多(大唐西市店),108.90374202110738,34.24659196814261,西安市莲湖区劳动南路118号西市城B1
压壹锅(唐延路店),108.88429036348373,34.23954032036507,陕西省西安市莲湖区唐延路168号唐延中心城1层
立花台北寿司,108.90519839797624,34.24696695170714,劳动南路1号西市城B1层
方舟寿司,108.87795112404282,34.19604210318486,绿地缤纷城商业步行街2层228号
汉堡王(唐延店),108.88421753433518,34.239405631709126,唐延路168号唐延中心城负1层
陕西第一碗(土门店),108.88458951917903,34.26216497373169,陕西省西安市莲湖区西二环南段40号
顺水鱼馆（锦业路店）,108.87082627655705,34.19525967247995,丈八三路与锦业路十字路口西南角盈樾国际3层
袁记肉夹馍,108.91378493043328,34.271611680664684,大庆路107号1幢1103室
金盘子鱼头鱼锅,108.90519839735128,34.24696595186677,劳动南路1号大唐西市城购物中心B1楼6B1319号铺
外婆厨房,108.92774930995135,34.24195480547743,友谊西路236号华豪丽晶2楼
雅泰来(小寨店),108.94058831841286,34.22723767838441,西安雁塔区小寨兴善寺西街2号2楼
天下第一面吉祥店,108.92750598219622,34.22579961932409,雁塔区含光南路195号(吉祥路十字北20米)
澄城水盆羊肉(五味什字),108.93324108188266,34.257120681939725,五味什字6号
飞象比萨(中贸店),108.94142007868155,34.24377733432422,西安市碑林区南关正街50号中贸广场购物楼F5
小雄寿司(凯德广场店),108.93163850520716,34.23082883373554,西安市雁塔区二环南路西段64号凯德广场新地城F4
仙谷记(怡丰城店),108.91667385519571,34.236878277650476,碑林区太白立交西北角怡丰城负一层
鱼厂(汉城南路店),108.8666142858529,34.262187897226084,西安市莲湖区汉城南路100号华东・万锦城购物中心F3
西安市雁塔区锅上飘自助涮烤城,108.86355186476052,34.23497727246301,陕西省西安市雁塔区鱼化寨外事学院南校区北门西3楼
同鑫楼泡馍馆,108.88467572932962,34.260482958194224,"土门-28号,土门商厦十字西南角,土门商厦对面"
高非比萨(大唐西市店),108.90523780110371,34.24899631250231,劳动南路1号大唐西市一宫格三层
吾麻吾辣,108.89674573092037,34.26678329616498,大庆路华润万家向南200米路东（新园小区一楼门面12号）
东东包(西大街店),108.92516300906233,34.26069004759981,西大街246号宏府安定门广场4号楼1层
德克士(唐园店),108.91468343089898,34.20042908824338,电子正街125号民生百货1楼
郭老大大盘鸡(钟楼店),108.9416655951208,34.263119049663615,陕西省西安市莲湖区北大街28号民生国际购物中心7楼
季季红(旺角大厦店),108.94045107810355,34.224762707107814,小寨西路5号中豪大厦4、5层
斗牛士牛排馆(高新店),108.89859278455842,34.23452331508493,西安市雁塔区科技路33号世纪金花F3
乡村小厨,108.8698813577416,34.24652785972185,陕西省西安市雁塔区大寨路与丈八北路十字向东100米路南
海底捞(文景路店),108.93222227733438,34.344236369948774,西安市未央区文景路116号民生百货F4
苏福记(汉城湖庄园店),108.90208533101698,34.30252391176563,北二环路西段向北汉城湖崇威桥北10米
苏福记(凤城南路店),108.93809795627654,34.30400403419131,凤城南路中西段68号(近纬二十九街)友秦小区向西对面
老孙家(白桦林居店),108.93279129994225,34.3451488745909,西安未央区凤城九路白桦林居东门商业街88号2楼(近市政府)
西安饭庄凤城五路店,108.93711842811078,34.33069400024164,陕西省西安市未央区凤城五路26号西安中学南门对面2层
长安印记(凤城十二路店),108.9237880296762,34.35928286585341,凤城十二路1号凯瑞A座1楼
同盛祥凤城五路店,108.9361815749914,34.33094075003703,西安经济技术开发区凤城五路26号海荣豪佳花园西裙楼15幢3层
苏福记（凤城三路时尚店）,108.9414677210925,34.32352816034667,陕西省西安市未央区凤城三路甲字1号
李记搅团(三桥店),108.82691207186315,34.29065067872744,西咸新区沣东新城双拥路金桥国际北楼四层
君富莱大酒店餐厅,108.93267420899751,34.31032088331451,陕西省西安市未央区北二环与文景路十字西南角(紧邻城北客运站)
小杨烤肉北关店,108.9383818714415,34.294455165901226,龙首北路西段17号（花园客栈隔壁）
大龙焱火锅,108.9417014322566,34.320198698579105,陕西省西安市未央区凤城二路经发大厦
清盛斋牛羊肉泡馍,108.93906795302429,34.31561013816219,西安市未央区万家豪情酒店1层
外婆印象(民生百货文景店),108.9325464451492,34.34346317730425,西安市未央区文景路116号民生百货F3
李记搅团(梨园路店),108.89264640015226,34.29382673195963,陕西省西安市莲湖区杏园北路北口
徐记海鲜(凤城四路店),108.92877108260876,34.32830361886657,凤城四路90号
国力仁和川菜(文景苑店),108.92304299703693,34.34930498353938,凤城九路与明光路什字西北角文景・九街十坊39-20101
外婆印象(北关店),108.94196114396647,34.28166341836489,西安北关正街凤凰大厦2楼(近自强西路)
保尔森国际美食汇,108.94180516757426,34.29759706565408,未央路68号时代明丰苑2楼
陕北农家宴,108.93471275687492,34.30277514994019,文景路省健康教育所61号
岐风岐山面,108.93958265889923,34.33188385430162,经开区凤城五路63号雅荷春天2幢11号商铺
三桥饭庄,108.80945474511668,34.302387018116825,陕西省西安市未央区沣东新城后围寨启航佳苑A12-2-1号铺
聚丰苑北京烤鸭店(龙首总店),108.93218352751634,34.29455922619323,未央区龙首北路西段27-17号(近文景路)
羊瑞堂,108.94177323088336,34.30950989862304,陕西省西安市未央区未央路112号
蓉湘汇,108.82752346473787,34.2884923294291,沣东新城武警学院北门双拥路邮政储蓄南
竹园村火锅(凤城三路店),108.9419072143591,34.323296542563,陕西省西安市未央区凤城三路10号
四川会馆(凤城四路店),108.9345706198374,34.328666075249785,经济技术开发区凤城四路海Z时代5号楼1-5层
新疆火焰山买买提烤肉,108.92064982206817,34.28167561691722,红庙坡街道自强西路198号
鸭掌门特色火锅(文景路店),108.93244924392917,34.32717965506907,凤城四路与文景路十字西南角海Z蓝寓3层
关中十八香,108.81227681094012,34.3007252523549,三桥启航佳苑b区9号楼底商2层
澄城水盆羊肉,108.9317504783419,34.3433682182134,凤城八路与文景路十字向西100米路北（妈妈菜香隔壁）
秦风小厨,108.9408050346584,34.3190756630784,西安经济技术开发区凤城二路云天大厦1单元3层10301号
韩记老铺手擀面,108.93590150023434,34.35351895151822,西安市未央区御景华府北门
横山铁锅炖羊肉,108.9286115832099,34.32833250246788,凤城四路海Z新天商业裙楼1号楼B段一层商铺(凤城四路与文景路十字向西300米路南)
仟禧自助涮烤(凤城七路店),108.91257524823698,34.339722477036936,朱宏路与凤城七路十字向北100米路西向里100米汉城商业街东段37号（东扬善寨村）
蒲城印象(凤城六路店),108.93363357402295,34.33513306306431,经开区凤城六路海荣雅庭花3号楼106号
火焰山自助美食汇,108.94158320472751,34.30134184362642,西安市未央区未央路80号民生百货F3
清雅水盆牛羊肉,108.93627363693435,34.30452334824988,西安未央区纬二十九街西口路北一巷子内
黄家泡馍(经开店),108.94016897179473,34.34921406407787,凤城九路海荣名城小区1楼（近城市运动公园北门）
乡党臊子面,108.91457710850598,34.28733325504389,西安市莲湖区大兴东路2号西安龙湖星悦荟B1
李记搅团(凤城四路店),108.93373868152545,34.32877609295308,经开区凤城四路海荣豪佳花园10204号
鸭掌门特色火锅(梨园路店),108.89678254054273,34.29448412822571,陕西省西安市未央区小白杨南路20号
太郎烧烤(凤城六路店),108.93907350321521,34.33479811234038,凤城六路雅荷春天北门维也纳酒店对面(秦峪湾妈妈菜馆)
快颐坊（凤城五路店）,108.93494616668166,34.330952019068356,西安经济技术开发区凤城五路海Z时代Smart商业汇2号楼3层302号
宝宇大连海鲜渔港,108.89341883656824,34.2886706136711,西安市莲湖区白家口l期2号楼
宁厨家饭,108.89137385125258,34.29468027894649,梨园路西口和生国际西100米(近和生国际)
周京葫芦头泡馍馆,108.91165360665917,34.29457728689897,梨园路与大白杨南路十字东北角梨园公馆商铺1-104
何老大鲜鱼庄,108.93641210099152,34.304217319399534,西安市未央区凤城南路邮政综合楼二层
李想大虾(龙首塬店),108.93175853304176,34.29415491167951,龙首北路与永福路十字东南角(永福大厦2楼)
秦巴源民间陕菜(大兴新区店),108.91438146827755,34.28694835185301,西安市莲湖区大兴东路2号西安龙湖星悦荟F3
福茂源陕北铁锅羊肉,108.93435913192937,34.32870061033535,凤城四路与文景路十字东北角（四川会馆西侧3楼）
颜胖烤肉关中私房菜,108.93007694811895,34.3433930833495,陕西省西安市未央区经济技术开发区凤城八路盐东小区6号楼3单元门面房
海尚宴海鲜舫,108.93636747521117,34.338661100438856,陕西省西安市未央区凤城七路66号
鲜尚轩斑鱼庄(凤城五路店),108.93539407849427,34.33094260252668,凤城五路海Z时代smart商业汇2楼(西安中学南门对面)
双龙私房菜,108.93893206243447,34.304011478042476,未央路95号
佰烧,108.94163821304424,34.339581842806346,西安市未央区凤城七路8号CITYON熙地港F5
咪咪川菜(白桦林居店),108.93277926696445,34.34515807827227,西安市经开区凤城九路白桦林居东门商业街88号D栋205室
绿茶(金花赛高店),108.94180562759382,34.33064112209839,西安市未央区未央路150号世纪金花F3
盛运自助火锅(丰禾店),108.91224925588178,34.28271557285087,丰禾路71号(近蔚蓝花城门口)
老狼大盘鸡,108.93155305651104,34.29387868100612,西安市莲湖区永福路永福大厦1幢1单元1层10106号
松园酸菜鱼火锅(西安总店),108.93571294879716,34.304013789748275,凤城南路纬二十九街西段17号（近文景路）
关中一品(凤城四路店),108.92213469497379,34.32863945381987,凤城四路与明光路十字向西100米世融嘉城
兴庆斋(白桦林居店),108.93289736555761,34.34564173715484,西安市文景路86号
楼兰新疆风情餐厅,108.93462771819101,34.29161654423114,莲湖区文景南路红东花园三期14号商铺
徽味天下,108.93245115971104,34.32159906381209,张家堡街道经开区文景北路16号安徽商会2楼
丽江龙继斑鱼火锅,108.93158207990662,34.34328824740325,陕西省西安市未央区凤城八路与文景路十字向西30米路北(浙商银行2楼)
川味川酒楼(三桥店),108.83758869713324,34.30845103091318,陕西省西安市未央区沣东新城建章路中段88号
快颐坊,108.89265533840025,34.29409962795822,梨园路维也纳酒店五楼梨园路和生国际对面
姥姥的春饼(文景路汉神店),108.9320360154629,34.34015827630305,西安市未央区凤城八路168号汉神购物广场F5
大队长主题火锅,108.93006787980413,34.343481191348324,凤城八路盐张东区风景新天地(市政府西200米)
香蜀园餐厅,108.92445086250875,34.36113809776502,凤城十二路与明光路交口凯瑞大厦D座
探鱼(熙地港店),108.94049070145948,34.340669692094814,西安市未央区凤城七路8号CITYON熙地港F5
陕南美食,108.84899599449446,34.28003861967416,阿房三路28号枣园西路与阿房路丁字路口向南300米
兰亭轩,108.91092106838391,34.29683988031219,陕西省西安市未央区未央宫街道二环北路梨园公馆西门
姥姥的春饼(盛龙店),108.9399212622477,34.300641174847414,西安市未央区未央路80号民生百货F3
津福润酒楼,108.83758589169283,34.31554784302294,西安市未央区建章路中段188号
鑫和炝锅鱼,108.93768027275826,34.33288657164396,西安经济技术开发区凤城五路北侧雅荷春天5号商铺
小竹签烤肉(自强西路店),108.9360217666882,34.281396026126195,自强西路28号建工大厦一层
老铁家牛羊肉泡馍,108.94023189304845,34.359702417865876,陕西省西安市未央区经济开发区凤城十二路英皇之都7-10101
中国重庆老版火锅（凤城四路店）,108.9403223706634,34.32780646265542,经开区凤城四路电信综合楼二楼
好客隆美食广场(太奥广场店),108.88782507906254,34.28509296270153,丰禾路太奥广场华润万家2楼
农家土灶台,108.93033297840577,34.32594020761462,凤城三路与凤城四路中间风华路文景观园小区后门144号2楼
清真强氏喜阿婆粥饼炒菜(凤城四路店),108.93997396167353,34.32788532501612,陕西省西安市未央区凤城四路8号
喜来稀肉(熙地港店),108.94035489442226,34.3401629259967,西安市未央区凤城七路8号CITYON熙地港F6
仟禧自助涮烤(三桥店),108.83705938971192,34.30693324970283,三桥建章路70号高堡子村十字万家和超市3楼
米建荣泡馍,108.8974735876577,34.293876300852745,陕西省西安市莲湖区白杨路1号
老乾州食府,108.93278012739047,34.34551984641154,未央区文景路白桦林居小区东门商业街二楼（近凤城九路）
一品楼牛羊肉泡馍,108.83753913825919,34.29887090251293,西咸新区沣东新城建章路车辆厂什字
秦南味道,108.8134878938603,34.295903157153575,三桥天台路北段28号西部国际汽车商务酒店
郭记羊肉,108.83764631773505,34.32943534688025,西咸新区沣东新城天缘丽居5号楼3号门面房
富临花园酒家,108.94063126392516,34.31290582865613,陕西省西安市未央区二环北路西段3号
全盛德马全泡馍馆,108.93677256002046,34.30134736284889,纬二十八街塞纳公馆1层
魏家凉皮(凤城九路店),108.93945123005686,34.34920634255685,凤城九路海荣名城1层
关中小院,108.91096413287397,34.28767734388474,西安市莲湖区梧桐坊2号
渝家香,108.83671557652633,34.32812623891719,陕西省西安市未央区建章路19号
鑫和炝锅鱼,108.89387512881288,34.29409908497669,西安市莲湖区蔚蓝悦城1103
臻味醉淡泊,108.93985065733604,34.349214584086,凤城九路与未央路交叉口西行50米海荣名城3楼
赛拉维CestLaVie(大兴龙湖店),108.91519691955291,34.287021845883054,大兴东路2号龙湖星悦荟商场一楼A1-1F-007B
好味居,108.92785920401631,34.31518466386958,凤城一路与文景路十字向西500米路南（台北湾小区对面）
红霓公馆,108.88932433419546,34.286438978085506,莲湖区大兴东路88号(方欣立交白家口东南角)
花之林人文茶馆(凤城八路店),108.93049812587081,34.343379517905035,凤城八路与文景路十字交叉口向西200米
老灶台一锅炖,108.85636973654111,34.336098673385386,相家巷仿古街197
兄弟梆梆肉葫芦头,108.93462671827021,34.291591571875855,文景南路与龙首北路十字路口向南300米
鱼酷烤全鱼(汉神百货店),108.93203299318239,34.34018131396574,陕西省西安市未央区凤城八路168号汉神购物广场4层
鱼厂(熙地港店),108.9413527615126,34.34001235210192,西安市未央区凤城七路8号CITYON熙地港F5
泰熙家韩式欢乐餐厅(汉神百货店),108.93249467306374,34.34095869829477,西安市未央区凤城八路168号汉神购物广场B1
川西大宅门火锅(凤八路店),108.9295012450601,34.34353339683776,未央区凤城八路与文景路十字向西一百米(北京银行向西50米)
湘土情湘菜馆,108.9380722712797,34.281616642059184,自强西路68-5号
屋头串串香,108.9397993039003,34.3348085563856,西安市经开区凤城六路雅和春天18-10106号
舌尖味道,108.92731069931556,34.32634985723008,经济技术开发区凤城四路北康豪城第5幢1单元10114号房
辣动时代自助火锅(纸坊村店),108.92876754114123,34.28079647611608,工农路3号（工农路小学向南10米）
聚福饭店,108.9390578404726,34.28225967057191,自强西路61号远丰大厦2楼(近古城眼科医院)
新概念文景酒楼,108.93272009177171,34.31664528918074,陕西省西安市未央区文景北路10号
陕南人家(大兴西路店),108.88692384301594,34.28969070855354,未央区大兴西路9号(方欣副食调味品批发市场)
楼兰古丽(文景路汉神店),108.93245087358143,34.34045180168909,西安市未央区凤城八路168号汉神购物广场F4
小七川香鱼,108.92669821223998,34.292379364362084,陕西省西安市莲湖区永新路40号
喜悦味道(龙首北路店),108.93877939919138,34.294450199706915,龙首北路西段13号（永祥路与龙首北路十字往东150米路北）
大自在火锅(龙湖店),108.91459920979618,34.287584830221064,西安市莲湖区大兴东路2号西安龙湖星悦荟F3
榆林屈老五烩菜馆,108.93373920459477,34.32925570968622,文景路与凤城四路十字向北30米路东（人人乐南）
新辣道梭边鱼(龙湖星悦荟店),108.91553596850234,34.2871305207588,西安市莲湖区大兴东路2号西安龙湖星悦荟F3
魏家凉皮(自强西路店),108.94005766674567,34.28154838318215,陕西省西安市莲湖区大明宫遗址区自强西路24号(建工大厦底层)
BelleVille法式餐厅(赛高街区店）(贝拉维拉法式餐厅),108.94182172736677,34.33054598379629,未央区未央路150号赛高街区A座2404室(凤城五路口西南角)
西航涮涮,108.92456590347241,34.341801766189405,陕西省西安市未央区凤城八路与明光路十字天浪御湖8栋1层商铺
比意格魔力随选披萨,108.91929738076048,34.35060661188301,凤城九路与明光路交叉口西北角文景西区颐园二号楼303室（文景小区南门）
澄城水盆羊肉馆,108.93936400238394,34.30859401296993,未央路名京九合院东门往里200米
麻辣英雄,108.92562853798266,34.29410318878677,明光路与龙首北路十字天赐苑北门
魏家凉皮,108.91786497861095,34.34913869386278,西安市经开区凤城九路海荣青门口小区3号楼一层商铺
小黄牛潮汕牛肉火锅,108.93454155703694,34.29133511391496,陕西省西安市莲湖区文景南路7号
吴峰冒菜(纬二十六街店),108.92794574803818,34.29420066225306,龙首北路西段永新苑1楼
中国兰州牛肉面,108.8138520384445,34.29660484992252,世纪大道沣东新城三桥启航佳苑A12-0103
小米串串,108.94165342363534,34.33076703005748,西安市未央区未央路150号世纪金花B1
尚捞港式回旋火锅,108.90985891582586,34.282177081036046,陕西省西安市莲湖区丰禾路168号附近
四川乐山香辣鸡煲,108.93799164508474,34.30107149297805,陕西省西安市未央区方新住宅南区(盛龙广场龙首购物中心西)
萤火虫概念火锅(凤城六路店),108.93808399517445,34.335048769290786,西安市未央区未央路与凤城六路十字向西200米雅荷南李鑫苑20号楼2单元2708室（维也纳酒店东侧）
过过瘾私房火锅,108.8269462280736,34.2900517395134,沣东新城双拥路武警学院北门口金桥国际一单元1903
德克士(丰禾路华润万家店),108.91683685787758,34.28277008254106,西安市丰禾路华润万家一层
70院子,108.9353972952582,34.2917006990365,西安市莲湖区青门小区107号1栋
成都满江红火锅,108.82620015946408,34.28932333645878,三桥安置新村二排二栋3号
王华峰肉夹馍(凤城七路店),108.93361544397682,34.33780845324848,文景路北段丽景华都4号
重庆弘侨火锅(白桦林居店),108.92956184007703,34.34269483117976,未央区凤城八路与文景路十字往西
珍德悦杨记砂锅老家,108.88865411537095,34.2843506652041,西安市莲湖区太奥广场6号楼
樱禾料理(明光路店),108.92580416419094,34.30846234528525,明光路177号荣城名苑小区西门口
汤尚鲜文鱼庄,108.8107794123165,34.30131927761195,后卫寨启航时代广场二楼
全盛祥泡馍馆,108.8999093898363,34.29246947499395,桃园北路与桃李路向东150米
金芙蓉韩式烧烤自助,108.91095982261501,34.28263697523982,莲湖区丰禾路41号蔚蓝花城广场2楼
高陵老屈庄烤肉,108.83296863316963,34.28379903485275,武警学院东门百合花园西
东港火锅超级广场(西安店),108.93363292120773,34.33031770447263,凤城五路与文景路交汇处东南角东港火锅超级广场（两岸咖啡隔壁3F）(文景路)
天天香私房火锅,108.93932527362648,34.31559137542704,凤城一路杰信花园5号楼1单元1702室
正宗重庆鸡公煲,108.83759967674382,34.312803946918535,建章路182号
宽窄巷(龙湖店),108.9157585999364,34.28682112520626,西安市莲湖区大兴东路2号西安龙湖星悦荟F3
回香斋泡馍,108.93284285184752,34.352485980647266,文景路凤城十路中段(近新里.魏玛公馆东门)
小芭蕉泰式火锅(三桥店),108.81337493917553,34.30096187558209,陕西省西安市未央区启航佳苑B区7-1208室
快到锅里来,108.88847344567655,34.28422356237999,西安市莲湖区丰禾路275号太奥广场2层
酸男辣女时尚焖锅,108.93675172550252,34.32874730819859,汉城街道凤城四路39号海荣豪佳花园1号楼4单元11楼
韩国三只熊,108.83705412432481,34.30466873461885,建章路163号
新悦铁板烧,108.93292615723058,34.3419475370074,凤城八路汉神购物广场b1
铁锅炖羊肉,108.9354222574965,34.33081323749191,陕西省西安市未央区凤城五路海Z时代斯玛特商业汇3楼(西安中学对面)
东风猪蹄坊,108.92826406292376,34.31355151443613,凤鸣路海Z台北湾17栋一层1B-003号
袁记肉夹馍(台北湾店),108.92795449567781,34.315180923438405,凤城一路与明光路什字向东200米路南（台北湾小区）
麻辣快乐营(熙地港店),108.94100254258147,34.33997510758489,西安市未央区凤城七路8号CITYON熙地港F6
土家老寨融合菜(未央路店),108.94041858713034,34.30090698715157,西安市未央区未央路80号民生百货F3
德克士(城北店),108.93646181007111,34.31185017245191,北二环城北客运站一楼
宽窄巷成都小吃,108.94186070397497,34.330591438492156,西安市未央区未央路150号世纪金花F2
小竹签烤肉,108.93155305651104,34.29387868100612,龙首北路西段与永福路路口向南20米路东(永福大厦第一幢1单元1层)
白娃泡馍馆,108.93695295932919,34.29314690136995,陕西省西安市莲湖区龙首北路与永祥路十字向南100米路西
花马肆(汉神店),108.93201477990135,34.340447455713026,西安市未央区凤城八路168号汉神购物广场F4
宴遇黄辣丁私房菜,108.81234870562471,34.30174962201361,地铁后卫寨站D出口启航佳苑B区15栋202室
秦和坊,108.8974405481073,34.294090264314185,西安市莲湖区小白杨壹号3楼
蜀秀鱼悦楼(龙首北路店),108.92722549584505,34.294414747507055,纬二十六街明光路与龙首北路十字东北角天竹综合大厦2楼
七恭冒菜(三桥店),108.82747330931926,34.28947919689182,三桥街道三桥地铁口往南129米路东
毛家饭店(西安旗舰店),108.9390618464825,34.282262610666656,西安市自强西路61号（北关十字向西50米路北远丰大厦2层，近爱尔眼科医院）
傅婆深山原始大锅鸡(白桦林居店),108.9327791253259,34.34551886442267,文景路白桦林居小区东门商业街二楼（近凤城九路）
刘二永香羊肉面庄,108.9394654693879,34.31555436143473,凤城一路7号(未央路与文景路之间)(杰信花园门口万嘉豪情商务酒店一楼)
军军擀面皮(文景路),108.9325093690822,34.34576741792023,西安经济技术开发区白桦林居D栋101室
老黄家旋转串串火锅,108.92458115916615,34.294106363113464,纬二十六街天赐苑小区9号楼2-201号
韩国168烤羊腿,108.90711187401521,34.28206326842801,丰禾路中段加油站对面
九号入口私房火锅,108.93947925900771,34.34921892909412,西安未央区凤城九路海荣名城42号楼2单元1005室(城市运动公园北门对面)
海荣锅贴(白桦林居店),108.92542404525297,34.34812921441434,陕西省西安市未央区白桦林居西门凤城九路和明光路十字东南角(近白桦林居、凤城九路)
重庆私房老火锅,108.91189713550804,34.28227454088389,丰禾路丰禾小区东门里33号楼2单元1楼东户
从前私房火锅,108.93058897349248,34.344238353169786,未央区凤城八路与文景路十字向西300米路北盐东小区4号楼807室
小六汤包(大兴东路店),108.91600241692,34.287220125017214,西安市莲湖区大兴东路2号西安龙湖星悦荟F3
香辣顺厨房(花园西街),108.83702332676854,34.29937486334584,西咸新区沣东新城车辆厂什字
饭瞌睡私房火锅,108.94173425283483,34.32995458721127,陕西省西安市未央区凤城五路赛高街区3号楼4单元22楼2201室
辣穿越私房火锅,108.94185578216886,34.32948035761715,张家堡街道凤城五路赛高街区3号楼四单元1708室
老潼关肉夹馍,108.93548460257357,34.28109288193897,自强西路梅苑小区41号（千叶购物中心向西30米）
豹子大盘鸡,108.92875750157121,34.28077466422336,西安市莲湖区纸坊村89号
荷鳅塘徽派火锅,108.93495392102768,34.33018448112596,凤城五路商业汇3楼东侧（西安中学对面）
康二姐(西安经开店),108.93309546202401,34.35245361859782,陕西省西安市未央区文景路凤城十路十字西南魏玛公馆9号楼底商
老关中面庄,108.93845569610617,34.33482429855537,西安市经开区凤城六路雅荷春天16号楼F06号商铺
黑石营地烧烤,108.92190011873703,34.282042338711754,自强西路295号丽居商务酒店2楼(近玉祥门)
赵记腊汁肉店(凤城四路店),108.92034292224773,34.32850435431875,陕西省西安市未央区世融嘉城商铺50111号
东东包(凤城二路店),108.93355662090462,34.318024741238375,凤城二路与文景路十字民生家乐购物广场一层近文景路
西甲烧烤餐厅,108.91093121774955,34.29058466162535,大白杨南路龙湖水晶郦城商铺三楼
郝老四香猪蹄,108.93465015494279,34.30349574246179,陕西省西安市未央区文景路与凤城南路丁字路口东南角
小徐烧卤,108.93783659494615,34.33509852254404,凤城六路
叁弟兄陕北铁锅炖羊肉,108.93373908552721,34.32937561833797,文景路与凤城四路十字向北100米路南
老蒲城羊肉,108.92850247139862,34.32428969984494,凤城三路与明光路十字向东200米路北（文景公园北门斜对面）
洛可披萨,108.9403958437593,34.300399607343856,方新路纬二十八街盛龙广场三楼19号
香见外卖火锅(凤城六路配送店),108.93139837590948,34.333600226082844,凤城六路与文景路交汇西南角菁华名门19号楼4单元40103室
东海饺子王,108.88143181418425,34.28840238035695,陕西省西安市未央区大兴西路兴苑大厦1层
川老冒冒菜,108.91169456377042,34.282194317415204,丰禾路蔚蓝花城南门路南丰禾小区门口
王氏水产阳澄湖大闸蟹西安永新店,108.9267384455775,34.28884209103951,莲湖区永新路71号正天雅居1楼商铺(永新路和红庙坡交叉口向北50米处)
炙口福,108.9391962542641,34.301029442549016,纬二十八未央路交叉口向西300米路南（盛龙广场步行街西门对面）
伊俊斋牛羊肉泡馍,108.92724778174063,34.29333085328612,龙首北路西段25号文景路与龙首北路十字口东北角
池阳小镇,108.93911895025326,34.301401354594766,西安市未央区未央路80号民生百货F1
老义家,108.93912333191172,34.300733691930354,未央路与纬二十八街交叉口向西300米路南(盛龙广场步行街西门正对面)
澄城水盆王家老字号,108.93816132475278,34.33478478432139,经开区凤城六路雅荷春天16号楼F02一层
辣人张菌香大盘鸡大盆骨,108.8595140592107,34.328063837963484,陕西省西安市未央区邓六路240号
FRIEND.巢概念餐厅,108.93402910531984,34.317629980548574,西安未央区凤城二路与文景路十字海Z国际C2-1103室
志龙小南门葫芦头,108.82605053212839,34.28966611546758,三桥安置新村双拥路一排二三号
坊上正宗邢老四肉丸胡辣汤(工农路店),108.9290643608529,34.28736311950875,莲湖区工农路(近红庙坡)
魏记麻辣香锅雅荷春天店,108.93846211303264,34.333193409276475,西安市经开区凤城六路雅荷春天14号楼1层商铺
e炉渔火炉火烤鱼,108.91523206408908,34.287264216188895,红庙坡十字西南角龙湖星悦荟3楼
16楼私房菜,108.83762541915439,34.3037143211703,建章路中段锦雁花园10号楼1603室
正新鸡排(盛龙广场店),108.94030118049157,34.30143531471634,纬二十八街与未央路十字向西200米路北（盛龙广场三号楼二单元入口西侧）
优格花园(汉神购物店),108.9329582211858,34.34027808387945,凤城八路168号汉神广场5楼(烤肉一筋对面)
十三朝面功坊(凤城九路店),108.94064940545395,34.34918237085536,经开区凤城九路海荣名城裙楼10118
BINGO铁板烧,108.86247446277679,34.36957519187927,尚稷路与草滩八十字路口东北角
勇二子长小吃(西安店),108.93784270051313,34.33268122162018,西安市未央区凤城五路西安中学东门(雅荷春天西门文景路与未央路中间南北通向的路)
老城根面馆,108.93464697050074,34.35331777135466,经济技术开发区凤城十路杨家村五号楼一层10104室
袁记肉夹馍,108.93289939693986,34.34557174357756,未央区西文景路88号白桦林居(新市政府东门对面)
泰熙家,108.94173151022095,34.33072203436075,未央区五路赛高国际街区世纪金花负1层
皇中百岁鱼(三桥启航时代广场店),108.80936492054025,34.30272013841225,后卫寨启航时代广场三楼
关中老面堂,108.92735279077336,34.294824214693875,西安市未央区天竹大厦西门
关中老味,108.92805214213665,34.29385488201563,陕西省西安市莲湖区纬二十六街与明光路十字东南角永新苑1号院底商2楼
尕娃椒麻鸡(龙首村店),108.93921389561987,34.29460569636524,龙首北路西段13号3单元
渭水汤苑温泉餐厅,108.83750002449777,34.36655869475243,西安市未央区草滩12路向北100米
御品轩(凤城九路店),108.93506420937024,34.349142920925935,陕西省西安市未央区凤城九路66
小阿妹米线(凤城五路店),108.93388797361878,34.330863925055645,凤城五路与渭滨路十字路口向西30米路南
百川湘汇,108.91148046825954,34.28767450949928,红庙坡街道大兴东路梧桐坊1楼
大不同面馆,108.92992762021588,34.32426284744824,未央区凤城三路文景公园(文景观园南门东侧)
川南竹签烤肉,108.93700992469871,34.30140856370702,未央路盛龙广场纬二十八街圣地亚哥小区对面皖南人家西临
袁记肉夹馍,108.9246591985247,34.34986726885515,经开区凤城九路文景小区西一区38栋2单元1层20103号
马二鸡汤刀削面,108.92361704248434,34.331214665283696,陕西省西安市未央区经开区凤城5路刘家村小区A座-10105号商铺
迈德思(三桥二店),108.83747472029215,34.33196981220845,西安未央区建章路21号(长庆建工鸿都超市旁)
King.y意大利餐厅,108.93343896054729,34.316490965359804,文景北路与凤城一路十字东南方向星舍大厦1320室
云南过桥米,108.93595826834031,34.301052639007295,方新路圣地亚哥1楼商铺
阿熊家多味锅(汉神购物广场店),108.9321421473459,34.342081139302294,凤城八路汉神购物广场负一楼
优品冒菜馆,108.9372129460604,34.28161195074327,自强西路34号枫韵沁苑小区5号楼一层
赛百味(CITYON熙地港店),108.9405878074879,34.34063136829508,西安市未央区凤城七路8号CITYON熙地港B1
海底捞(解放路店),108.95870776644327,34.265272566791594,新城区解放路63号东新街民乐新都会商城4层
海底捞(雁塔南路店),108.960476502056,34.21622575382392,曲江新区大唐不夜城雁南路486号
老孙家饭庄(东关店),108.97001094222098,34.25995020132994,碑林区东关正街78号老孙家2楼
老米家泡馍(案板街店),108.94560955392535,34.261732270680135,陕西省西安市新城区东大街589号
西安大厨小馆餐饮有限公司后村西路店,108.96270896518597,34.22799744644283,雁塔区后村西路与乐游路交汇处百家店一层(乐游路口)
百姓厨房(南湖旗舰店),108.98232328249631,34.20195567297057,曲江池东路(曲江池遗址公园东入口白龙显灵处)
老米家泡馍(环城路店),108.95231706941816,34.25228046267371,西安市碑林区环城南路中段96号
百姓厨房(友谊东路店),108.9812248779181,34.24246722539546,西安碑林区友谊东路8号(西安交通大学南门对面)
福茂源陕北铁锅炖羊肉(曲江店),108.97217795968808,34.20856783228563,曲江新区芙蓉西路3号德后街中段(广电大剧院西门停车场向东走100米处)
苏福记(互助路店),108.98703132627539,34.2616120087637,互助路66号西部电力大厦1-3楼
咪咪川菜(太乙路店),108.96782801537695,34.24217104004946,太乙路南段甲字1号（太乙路与友谊东路交口）
海底捞(金花路店),108.99284165282563,34.248439705081374,西安市碑林区金花南路6号立丰国际购物广场F7
百姓厨房(秦腔坊店),108.95875724048081,34.21232089640377,雁塔南路西安美术馆1层(近太平洋电影城)
苏福记(东二环店),108.99144222651856,34.2490443339042,西安市碑林区金花南路52号(立丰国际对面)
外婆印象(东大街店),108.96122796301071,34.26067388069397,碑林区东大街130号西安阳光秦大酒店2层(近西安阳光秦大酒店)
海底捞(雁塔路店),108.95956133527939,34.22626217169217,雁塔路南段101号
小杨烤肉建设路总店,108.94954756309771,34.236950509099564,西安碑林区建设西路256号(近文艺路口)
陕南私房菜,108.94813694424909,34.25219999124935,西安市碑林区文艺北路228号
川渝人家(木子园店),109.00352800890091,34.24485938646481,新城区建工路9号3号楼1单元10101号
川渝人家(南二环店),108.96798342371679,34.2245791609541,西安雁塔区西影路508号泰森酒店1楼(近西影厂)
千家粗粮王(交大店),108.98372894623569,34.249375335754664,兴庆路交大电脑城对面常青藤3楼（华润万家南侧）
果渊斋老米家泡馍馆(大雁塔店),108.9657776152948,34.225182259277354,西影路金裕云顶一楼西部电影集团公司向西100米路北
国力仁和川菜(长安店),108.94320182795738,34.23246253089863,长安北路1号立交桥东北角
外婆印象(西五路店),108.95160991455259,34.27183640220375,五路口81号（省老干部活动中心一楼）
外婆印象(交大店),108.98365260730795,34.24926726492444,西安碑林区兴庆路159号常春藤花园2楼(近西安交通大学)
锦翔炝锅城(胡家庙店),108.99125848415105,34.27939779890132,金花北路281号付1号(胡家庙什字东北角)
曲江国际饭店,108.97550666169766,34.2261271603159,西安市雁塔区西影路46号
老车家牛羊肉泡馍,108.95663416381406,34.25819807891895,大差市东羊市6号(马场子十字东南角)
外婆印象(曲江银泰店),108.9587096808104,34.20797358125164,西安市雁塔区雁塔南路410号银泰城F4
百姓厨房(长乐中路),108.99118654030238,34.26974059263685,陕西省西安市新城区长乐西路西北国际茶城4F
川渝人家(华锦店),108.9583804838747,34.24949398535282,和平门外雁塔路北段78号金座大酒店内(近华润万家)
老成都私房菜(南新街店),108.94916269966075,34.263674690801224,南新街28-8号德邻酒店5层
千家粗粮王(小寨店),108.94330578902431,34.22415071605273,小寨东路196号西安国际贸易中心4层
子午路张记肉夹馍(碧林湾店),108.98890721935194,34.20801724334282,曲江新区芙蓉东路东侧中海碧林湾4幢2单元1层20107.20108号
老车家牛羊肉泡馍馆,108.99099674424745,34.27719478851904,陕西省西安市新城区二环路沿线商业经济带金花北路41附9号
东方菜园地妈妈私房菜,108.96341211501209,34.19432588526012,西安曲江新区雁南五路40号四楼2号
小六汤包(曲江龙湖店),108.98744487332009,34.217239252203456,雁塔区新区新开门北路888号龙湖星悦荟（曲江店）3F-017/018号房
外婆印象(东二环店),108.99131342100755,34.245969116136614,西安市碑林区东二环南段1号（东南二环交界处西北角）
小杨烤肉全国连锁金花路店,108.9923935489406,34.25078558856101,陕西省西安市碑林区金花南路105号(仅提供户外烧烤提货服务)
小杨烤肉(东新街店),108.96022047984782,34.26531524939721,解放路63号食尚东新街休闲广场3、4、5号商铺
阅江楼,108.98058416714046,34.197039467004,曲江街道曲江池西路8号西秦二世对面
晶海乔记酒楼,109.06619376508421,34.27166955488251,灞桥区纺织城鹿塬街中段388号
长安真味(公园南路店),109.00125554690304,34.2468878835035,公园南路26号二层
苏福记(东关正街店),108.97125653781112,34.26046711182269,东关正街66号世贸大厦B座北门民生银行2楼
辣哟中国菜,108.97299943900934,34.236232365771315,南二环东段246号，近小贝壳酒楼
真爱中国餐馆(交大店),108.9841391586849,34.24963414236262,西安碑林区兴庆南路159号华润万家5楼(交大一村南侧)
果渊斋老米家泡馍馆,109.05971742965623,34.269570487794276,纺三路150号
真一楼牛羊肉泡馍馆,109.0540014367628,34.278509353052335,纺北路阳光时代B座1楼
赵家烤肉坊(翠华路店),108.95218630069536,34.21169564313123,陕西省西安市雁塔区翠华南路19-8
七十二行民俗酒楼金石店,108.95246091431495,34.23114440472733,南二环东段398号金石国际大酒店1楼(近翠华路)
中国重庆老版火锅（曲江银泰店）,108.95866936478802,34.20748587346066,陕西省西安市雁塔区雁塔南路410号银泰城曲江店3层
长安小院(韩森寨店),109.01304936232339,34.260533789804136,韩森路新东尚S1-302(韩森寨十字向东200米路北)
关中大锅炖,109.09895811251484,34.21849007598655,西安市灞桥区白鹿原狄寨转盘向北200米
大厨小馆 李家村店,108.95977502512885,34.248282260698595,雁塔北路时亿国际广场南座一层A011号
刚好美食苑,109.0227405681748,34.232238985832836,陕西省西安市雁塔区等驾坡东月路绿叶庄园内
千家粗粮王(东大街店),108.94753422033631,34.26081955176014,碑林区东大街452号（西北金行3楼）
粤珍轩(新城广场店),108.95127888065102,34.26498309298273,西安新城区东新街256号新城广场
李记搅团(翠华路店),108.9517170256034,34.21825830746984,陕西省西安市雁塔区翠花南路106号
大龙D火锅(雁塔店),108.95963909096618,34.24884200095292,雁塔北路时亿国际广场南座2层A18号
西贝莜面村(赛格店),108.94452737176117,34.22503600120891,长安中路123号赛格国际购物中心6楼6032号
红透天自助涮烤城(互助路店),108.98747056806545,34.2610762776051,互助路26号（互助路立交西边）
鸭掌门特色火锅(西影路105号),108.99246852219466,34.234039271616105,西影路105号（西影路与雁翔路十字向东100米路北）
仟禧自助涮烤(西影路店),108.9854649065727,34.23027293868167,西影路西影路小学综合楼2楼
丝路餐厅,108.9534854310681,34.21957406194511,西安雁塔区纬二街东段大唐通易坊24-28号
楼兰古丽(钟楼景观店),108.94292085387163,34.25954223934917,陕西省西安市碑林区南大街59号众汇美食广场三层
克拉拉(咸宁中路店),108.99686399485877,34.25217336546339,咸宁中路华润万家旁边乐宁会购物广场2层
东来顺(金花南路店),108.9923935489406,34.25078558856101,金花南路105号
大自在火锅(建工路店),109.00232007169711,34.24485473226472,建工路5号中坤广场三层12号商铺
顺风肥牛(雁翔路店),108.98547615770178,34.23775163805557,西安市雁塔区雁翔路中段18号(近青龙路)
锦翔炝锅城(东五路店),108.96239725155174,34.271905280095666,西安新城区东五路59号纺织大厦1-2楼近上前路近民生百货解放路店
楚湘人家,108.97856677874859,34.26845363153567,永乐路66号（顺家快捷酒店里边。永乐大厦隔壁）
吴铭火锅(建国路总店),108.9620689947623,34.257024700876755,建国路88号新兴大厦
乡味湘私房菜,108.95208236898885,34.222802941947506,雁塔区翠华南路259号(市85中斜对面)
黄记煌三汁焖锅(万达店),108.9599689972689,34.27025927482464,西安市新城区解放路111号万达广场F5
御宴宫,108.96707731111496,34.21243485613028,西安市雁塔区芙蓉西路99号(大唐芙蓉园西门附近)
泰熙家,108.94241136116842,34.20767238788077,西安市雁塔区长安南路439号欧风商务1层
老孙家饭庄(端履门店),108.9487392736859,34.261425211834954,东大街端履门十字西北角咿呀BOX时尚购物中心5楼(距离钟楼站约577米)
国力仁和川菜(东二环店),108.99108999218406,34.245032300985734,碑林区南二环东段1号立交西北角东方家园建材超市4层
山葵创作料理,108.94295194421078,34.265115428594434,西安市新城区北大街55号新时代广场2-3楼
糊涂记(新城广场店),108.94666604620203,34.266348221164066,西华门皇城西路1号(近新城餐厅)
顶顶香(金花南路店),108.99233987155675,34.254278464415,新城区金花南路15号
康桥酒楼,108.98812700176988,34.25169353200869,西安市碑林区咸宁西路28号交大一村康桥服务大厦二楼
百家姓饭店,109.05781656968175,34.27222844060172,纺织城纺二路西口
宽窄巷(曲江银泰店),108.95871333323215,34.20829937614414,西安市雁塔区雁塔南路410号银泰城F3
李记搅团,108.97093812489709,34.26049796151659,东关正街66号世贸大厦B座二层西
阿Q虾尾西安总店,108.95274972596296,34.25782683906104,东大街东厅门23号
炉诱,108.95549512962434,34.23787726482228,西安市碑林区建设西路99号金萨餐饮世界一层（三二三医院对面）
勇利赵家烤肉坊,108.96657518044655,34.22518449806595,西影路雁影华庭一楼(西部电影集团正对面）
闽南世家,108.97425305656473,34.26005656190892,柿园路18号轻工设计院1楼
仟禧自助涮烤(哄毙鲁堑),109.0703230238526,34.27744860435164,长乐东路与纺渭路什字向东200米水香路哄毙鲁撬钠7C三楼
三羊居食府(建西街店),108.94955805586237,34.24851010964714,西安碑林区文艺北路129号(近省戏曲研究院)
玉涮坊,108.94844820180491,34.24619714105585,西安市碑林区文艺北路50号
臻上,108.98602162808088,34.23666172588401,陕西省西安市雁塔区南二环东段雁翔路18号B2
老店铺泡馍馆,108.98512225845911,34.22024459289866,陕西省西安市雁塔区北池头二路大丰真境101商铺
汉中鱼庄,108.94378898398892,34.220132976261354,雁塔区雁塔西路161号世纪经典1楼(近长安路)
锦唐印象火锅（半坡店）,109.05410463880638,34.27849061104261,纺北路阳光时代B座1-3层（堡子村转盘向东100米路北）
唐乐宫,108.94249830836065,34.23793760016416,西安市碑林区长安北路75号（草场坡与长安北路十字东南角）
嵯峨院子,108.98948214803357,34.24636919008158,北沙坡街11号兰蒂斯城9号楼一楼商铺
雅泰来(东大街店),108.94753521834824,34.26081854283655,西安市东大街452号2楼
369烤鸭王国菜酒楼(兴庆路店),108.98371003745567,34.255458314035245,西安市碑林区兴庆路中段25号(兴庆公园东门正对面)
西安金缘阁酒店,108.98571212331697,34.19960939299369,陕西省西安市雁塔区寒窑路18号
秀火锅,108.96049268195983,34.21589397601239,陕西省西安市雁塔区雁塔南路新乐汇广场A6区
宽口美蛙鱼头(原鹅石板美蛙鱼头店),108.97043822135085,34.25954623383026,东关正街与南街交叉口往南80米唐久2层
辣呦,109.00134763911691,34.254635620565985,陕西省西安市新城区公园南路136号
克拉拉餐厅(东关店),108.96899826647079,34.26055414590774,东关正街78号2层
杨翔豆皮涮牛肚(建设路店),108.95489710553348,34.237440919864085,建设西路金萨餐饮世界A区201号（323医院门诊楼对面）
辣宴火锅(兴庆路店),108.98378616637793,34.25294468223128,陕西省西安市碑林区兴庆路与咸宁路十字东北角(翠庭大厦2楼)
顺峰(西安南二环店),108.98872646377447,34.24279539318678,西安市碑林区南二环东段22号(近东二环)
李想大虾,108.99794361554987,34.272901621204944,万年路56-A22
麦点披萨,108.97052144900245,34.254960474228355,东关南街29号(南郭门向北200米路东或东关正街世贸大厦向南300米路东高层底商)
蝎王府(东五路店),108.9602040350578,34.271802448672965,新城区东五路锦江之星1楼(五路口十字东侧路北)
玉涮坊老北京涮羊肉,109.00427640295723,34.24629695015866,建工路19号新城科技产业园内(建泰国际酒店南侧)
克拉拉(胡家庙店),108.99008076999972,34.27950885753294,西安市新城区长缨西路1号万和城购物中心F3
卢妈冷锅串串香(交大店),108.98921860703234,34.24624656885862,陕西省西安市碑林区北沙坡路中段兰蒂斯城二期1幢4单元1层40116号
小山峡巫山烤全鱼,108.95264095962531,34.228001763507834,育才路262号（翠华路与育才路十字向东20米路南）
一家人湘菜馆,108.95898614574416,34.259451249039195,和平路东三道巷1号楼西单元102号
人人居(建国路店),108.96202721230597,34.25700456478311,陕西省西安市碑林区建国路88号
九仟时尚火锅(解放路万达店),108.96032362867037,34.26955596588911,西安市新城区解放路111号万达广场F5
忆江南酒店,108.99078640921394,34.25289604442634,西安碑林区咸宁西路3号
汉水肴陕南小厨,108.94204182422352,34.25877244375335,南大街70号（钟楼往南50米路西）西安城市酒店二楼
马五德牛羊肉泡馍,108.99153278702748,34.279207495230665,长缨东路385号胡家庙十字东北角锦翔隔壁
澄城崇斌水盆羊肉(后宰门店),108.94919053254311,34.273040440716215,后宰门20号
胡弄巷(铁设院一分店),108.99386163917647,34.231794740846105,铁设院招商银行向南50米路西
黄记煌美食城,108.9460417284104,34.2589090196375,骡马市兴正元广场B座(食尚地带5楼)
恒记澄城水盆羊肉,108.9874584030294,34.234412816080265,雁翔路青龙寺东门南侧10米
老狼大盘鸡(五路口店),108.96095008489907,34.2716989997364,东五路87号（五路口2068香辣虾东旁）
麻辣尚席火锅(芙蓉店),108.96746952922597,34.21136039558062,西安市雁塔区芙蓉西路99号大唐芙蓉园西门御宴宫内
青都里日本料理(东二环店),108.9914473848128,34.24634983241901,碑林区东二环南段1号粤好海皇酒店5楼
探鱼(众汇店),108.94296873580886,34.25939965723406,碑林区富豪大厦众汇美食广场二层L2-1号
一品醉,108.94547429236945,34.22723666498117,小寨路街道兴善寺东街79H育才中学东100米
竹园村火锅(纺织城店),109.0596286283574,34.26414622375323,纺织城正街226号万兴广场3楼
七婆串串香火锅（纺织城店）,109.05935822307173,34.25972230752566,纺六路和纺正街十字路口向南60米路东
湖南土菜馆,108.97780181674246,34.25272122234841,西安碑林区柿园路兴庆公园北门(近赵记粉汤羊血)
重庆小天鹅(民乐园万达店),108.9593651556776,34.2705024664781,西安市新城区解放路111号万达广场F5
槿熙芝士年糕自助火锅,108.94611983510262,34.26126505005439,东大街353号骡马市对面5楼（唐城百信鞋业向东20米）
小孟华精专擀面皮,108.96094783367371,34.268902363551504,解放路万达广场步行街10栋10108
小倩自助餐,109.05975936200416,34.26253954975287,纺织城正街与纺五路十字向北50米路西（中国农业银行自助银行2楼）
老版中国重庆老火锅,108.9518236856369,34.24743866709097,西安市建西街138号左邻右舍三层（原外婆印象）
牛员外,109.00081115090647,34.27074338453597,公园北路76号（沣华国际酒店楼下）
过锅瘾三汁焖锅(骡马市店),108.94602950381316,34.260841998265285,东大街兴正元广场地下时尚街区负二层罗马假日风情街B2-020
biangbiang面(西五路店),108.95544210750901,34.271159012657876,陕西省西安市新城区西五路24-4号
国食天香(雁塔路店),108.95680196466478,34.24775999617476,西安碑林区雁塔路建西街3号
挞挞家秘汁焖锅,108.95471393595722,34.23826423381368,建设西路323医院斜对面新旅城小区4号楼2单元2003室
北京老铺烤鸭(曲江店),108.95885963715119,34.208318442995484,西安市雁塔区雁塔南路410号银泰城F4
重庆鼻祖老火锅,108.98746437849093,34.21764230571677,西安市雁塔区新开门北路888号龙湖星悦荟F4
娃娃福菜馆曲江店,108.96465325915563,34.21281029583248,陕西省西安市雁塔区芙蓉西路90号(大唐芙蓉园西门对面)
老版火锅,108.98198752509684,34.242356926445055,陕西省西安市碑林区友谊东路27号交大南门斜对面
玛喜达,108.94604188639579,34.26017692240412,东大街骡马市1号民生百货骡马市购物中心6层
戴琳娜法国餐厅,109.01478499328505,34.25980641708488,韩森寨与幸福中路东南角福邸铭门2号楼临街商铺（中影星美影院向东300米路南）
陈二毛肥牛火锅(半坡路店),109.04540835329328,34.2738676097972,西安灞桥区半坡路155号(半坡博物馆对面)
金喜大韩式烧烤自助火锅,109.0749421562598,34.23226878336934,西安市灞桥区白鹿原思源学院商业街SOLO街区C栋2楼
新辣道鱼火锅(西安万和城店),108.98979152674411,34.279475903254564,西安市新城区长缨西路1号万和城购物中心F5
嘻多多(赛格国际店),108.94422127657461,34.225406313786145,西安市雁塔区长安中路123号赛格国际购物中心F6
壮仔龙虾,108.97296204963843,34.26109890676836,东关正街9号幸福逸家A座2006
小刘川菜,108.97932742621397,34.23877302914098,碑林区武警医院西临50米(武警医院)
新春来精品家常菜,109.00140159157624,34.27644843709091,公园北路168号(新城国税局南邻)
汉城烧烤(通易坊店),108.95530730524261,34.219943905716946,雁塔区雁塔西路大雁塔西广场通易坊7号
克拉拉帝诺西餐咖啡,108.94898217505072,34.24576990044995,西安碑林区文艺北路五羊酒店3楼
香蔻时尚陕南菜(小寨赛格店),108.94261026275353,34.225023901156526,小寨十字赛格国际购物中心6楼美食广场(最长直梯电梯口)
盛世百福烤鸭,109.0009360495672,34.270614478425735,长乐中路126号沣华国际酒店1-3层
人人居酒店菊花园店,108.95228309301893,34.260177936715806,东大街菊花园36号
汉拿山(万达店),108.95599939010292,34.24510963885019,碑林区雁塔北路8号李家村万达广场3F
上善本味寿司,108.94771282926526,34.25951405330367,陕西省西安市碑林区东大街东柳巷10号1幢102室
子午路张记肉夹馍(立丰国际店),108.99292321240047,34.248897680738914,陕西省西安市碑林区金花南路58号立丰国际购物广场6层
锦城印象(长乐中路店),109.0018644983605,34.27156301320461,公园北路89号西光裙楼3楼
白鹿原猪蹄坊(交大店),108.9867139043228,34.24633936219407,交大东门北沙坡路红锋广场西座二楼（白鹿塬猪蹄坊）
尚捞港式捞吧,108.98714754712482,34.21750589721933,西安市雁塔区新开门北路888号龙湖星悦荟B2
金饭(小寨店),108.94241293881075,34.22929154856528,长安中路237号正1号
清源和西安菜馆,108.9446489946214,34.257451008106194,陕西省西安市碑林区南大街东木头市176号秦唐一号酒店2-3楼
欧巴来了韩式火锅,108.94535133162006,34.22729494668474,兴善寺东街83号(小红牛麻辣香锅隔壁)
黄品煌三汁焖锅（东大街店）,108.946504612837,34.2613162125895,东大街骡马市对面353号唐狮3楼(千家粗粮王斜对面，暹罗之恋)
德乡园重庆火锅,108.94442725311126,34.22538797051652,西安市雁塔区长安中路123号赛格国际购物中心F6
竹园村火锅(兴庆店),108.98372212667259,34.25904011856916,兴庆路69号
57°C湘（小寨赛格店）,108.94317326292922,34.22537275466342,西安市雁塔区长安中路123号赛格国际购物中心F7
渔米之香,108.96087140368644,34.216275578039244,环塔南路东段6号大雁塔南广场新乐汇(近贞观广场)
康二姐(李家村店),108.95608848812783,34.23965059757658,测绘路4号丰润广场美食城2层
辣白菜,108.94393154619931,34.260167016301175,西安市碑林区解放市场6号开元商城F7
秦回佳食(万达店),108.95815904264381,34.26067385301156,陕西省西安市碑林区和平路大差市万达新天地3楼304号铺(近电梯)
巷子火锅,108.94267029552856,34.22804980510195,西安市雁塔区长安中路65号金莎国际购物广场F4
青都里日本料理(环塔南路店),108.96110584316054,34.21668091644351,西安市雁塔区环塔南路东段6号大雁塔南广场大唐不夜城
过锅瘾三汁焖锅(东大街时尚店),108.9475821969932,34.260850117613494,东大街145号北柳巷口西北金行4楼
鲜生活,108.94420327668841,34.2254115183333,西安市雁塔区长安中路123号赛格国际购物中心F7
东东包(北大街店),108.94222401220327,34.27013811830883,莲湖区北大街266号
鱼旨寿司(民乐园店),108.95979705160413,34.27050598951246,西安市新城区解放路111号万达广场F5
清迈泰(赛格店),108.94390553567051,34.22481325243118,西安市雁塔区长安中路123号赛格国际购物中心F7
百富烤霸西安汉唐书城店,108.94243978353606,34.22174166868364,雁塔区长安南路81号汉唐书城1楼
港记餐厅,108.95974918070972,34.21267761725147,雁塔区曲江新区雁塔南路1号大唐不夜城太平洋电影院内（南侧地下一层）
马五德泡馍馆(乐居场店),108.97086710898948,34.24631794587529,乐南路47秦晋商务大厦附近
布衣侯(立丰国际店),108.99229820077265,34.249102584904456,金花南路58号立丰国际购物广场6层16-2
花少爷的粥,108.9437745327509,34.224824787413525,西安市雁塔区长安中路123号赛格国际购物中心F7
百福烤鸭,108.96008166176044,34.271813240205645,东五路67号房地大厦1幢2楼(民乐园万达广场对面)
德克士(金花店),108.991425797503,34.27432407596059,金花路23号多乐广场1-3.4.5号
法莱阁西餐厅,108.95814714045058,34.26072284896608,陕西省西安市碑林区大差市万达新天地三楼319
蜀渝香自助涮烤城,109.0013499270395,34.25840126156685,公园南路北口小六汤包隔壁(新光小区7号楼201)
摩米年糕料理/仙谷记(赛格国际店),108.94279331878843,34.225018609305216,西安雁塔区小寨赛格国际6楼(近MoMi摩米年糕料理)
春川韩式料理名店,108.94279038863993,34.227820399034854,陕西省西安市雁塔区小寨金莎国际5楼11号(音乐学院、百汇对面)
老徐记葫芦头泡馍,108.95739117455228,34.273288718564736,新城区西六路135号(西六路与解放路十字西南角)
十六辣麻辣香锅,108.9574679510872,34.21706616074973,慈恩西路59号秦汉唐国际文化商业广场B1楼筷乐仙美食广场内
碗碗腔,108.94365452394928,34.224840201778385,西安市雁塔区长安中路123号赛格国际购物中心F6
重庆鱼庄(长乐东路店),109.01395536240342,34.27095428869754,陕西省西安市新城区长乐东路与幸福路十字向东250米路南
辣妈腊火锅,108.9577080594154,34.24429185545948,李家村万达广场1栋2单元1405室
拉芳舍(赛格国际购物中心店),108.94261026275353,34.225023901156526,小寨赛格国际购物中心6楼
百富烤霸(北大街店),108.94273435706114,34.267928879988034,西安市新城区北大街113号
诸葛烤鱼(新东尚店),109.0114558267381,34.26007863285679,幸福中路与韩森寨交叉口中影星美国际影城3楼
曲江生态海鲜城,109.00839470882777,34.20457998735694,雁塔区雁翔路59号(近曲江管委会)
艾米老爹小龙虾(柏树林店),108.94938250468462,34.25500771344782,柏树林19号玺韵珠宝城南侧2楼
德克士(建工路店),109.00194607631735,34.24676950184155,公园南路中段上和商业广场1楼
乡村基(长乐西路店),108.97970688615699,34.2706026821192,西安新城区长乐西路180号炫彩商城2楼(康复路口)
新辣道,108.94313516059152,34.22562610434653,陕西西安市长安区小寨十字东北角赛格国际购物中心6楼6001-3
六街鸡煲(骡马市店),108.94595099748084,34.25914392732394,东大街骡马市兴正元广场负二层罗马假日欧洲风情街餐饮区B2-023民生购物中心负二层
摩米年糕料理/仙谷记(李家村万达店),108.95652373883073,34.24396498138333,李家村万达广场一栋2单元3楼
乡下人(骡马市店),108.94578065885571,34.26085355301173,兴正元地下步行街中央大街6FLS-003(地下步行街从西向东第一个十字路口西北角)
豪享来(和平店),108.9588347044687,34.2559624588259,碑林区和平路59号和平金源1楼
东东包(金花店),108.98591027942358,34.27075600736133,西安新城区长乐西路78号(近西北服装城)
花腰部落餐吧师大店,108.94581892778861,34.206794552607704,师大路27号邮局东侧
乡村基(百脑汇店),108.95857133089775,34.23676158610728,西安碑林区雁塔中路68号百脑汇2楼
蘑菇爱上饭(小寨店),108.94241294793358,34.22924256806447,长安南路237号（西安音乐学院对面）
眼镜张大块牛肉面,108.96240269983008,34.2598885975698,陕西省西安市碑林区建国路83号
嬉多多,108.98954390717878,34.27947949532952,西安市新城区长缨西路1号万和城购物中心F5
月影法式铁板烧钟楼店,108.94601018204386,34.26047822244493,陕西省西安市碑林区东大街骡马市1号民生百货骡马市购物中心6层
海底捞(经开店),108.94212717896663,34.31876626822365,经济开发区未央路130号凯鑫大厦3层
百姓厨房(北二环店),108.94349271186566,34.31067739977707,未央区未央路111-1号(未央路与北二环十字路口东南角)
福苗小骆驼烧烤(大华1935店),108.96767898233178,34.285493998772175,新城区太华南路223号
西贝莜面村(凤城二路店),108.94203337536482,34.31854165973691,西安市西安市未央路130号
三顾香牛羊肉泡馍(凤城六路店),108.94429414519527,34.335079212511026,经开区凤城六路东段389号银池丽舍云端一层商铺
千家粗粮王(龙首店),108.9422139764708,34.29589564765861,陕西省西安市未央区未央路5号
国力仁和川菜,108.95308080473188,34.32341847771489,西安市未央区凤城三路六号大院3号楼1楼
苏福记(红旗店),108.9610125583028,34.34944796801687,渭滨路与凤城九路交叉口东北角乐派生活广场4楼（苏福记隔壁）
美华食府(未央店),108.9441514732625,34.346321457858465,未央路199号凤城八路（城市运动公园东侧，市委西侧）
北京亚辰涮烤(迎宾大道店),108.94210449960032,34.32499663227719,迎宾大道138号天镇酒楼一楼(中登大厦南隔壁)(中登大厦南隔壁)
外婆印象(大明宫店),108.9653136602737,34.31315064586861,太华北路218号大明宫建材城南门一层
外婆菜香,108.9853403543215,34.290501655581615,西安市新城区含元路22号
李记搅团（凤城八路店）,108.95582683760959,34.3462205287095,凤新路新府商城四楼
纳家楼(玄武路店),108.9441000267578,34.3068579331697,未央区玄武路2号尚品雅苑1楼
真爱中国餐馆(御道华城店),108.94198694719906,34.31510793252373,凤城一路8号华茂经贸中心A、B座3-4层
川渝人家海韵店,108.94406411591893,34.32382449349108,未央区凤城三路149号 (天地时代广场斜对面)
徐记海鲜西安名都店,108.94215274028977,34.32669766836906,未央路140号长庆实业集团大厦名都酒店1楼
顶顶香(哄钡),109.02764685251911,34.31630891283819,哄鄙态区东湖路中新哄卑氲A6区24幢1单元10101、10201
明月斋牛羊肉泡馍,109.03121381096513,34.32082714397464,哄卑氲A11区13号楼底10111(霸柳一路与环六路交叉口向北50米路西)
眉州东坡酒楼(西安印象城店),108.94376551543226,34.295282782021694,西安市未央区未央路33号印象城F4
老马家泡馍,108.99133547693812,34.34322418276077,陕西省西安市未央区重庆金冠汽车西安特约维修站西门
聚丰苑北京烤鸭(太华北路店),108.96650172640214,34.315046791259675,太华北路242号飞航大厦1层
北京老铺烤鸭(第五国际店),108.94314645871154,34.31880141020233,经济技术开发区凤城二路口第五国际5楼(未央路)
盛秦阁泡馍,108.97111307555508,34.35523270529477,红旗东路2号
亚辰涮烤美食,108.96119853741692,34.34577047924515,渭滨街139号二楼（徐家湾）
老九葫芦头泡馍,108.94603923405758,34.28236673088802,陕西省西安市新城区向荣小区西南50米(向荣巷东)
老单家葫芦头,108.94433622714108,34.333795671516484,西安市未央区凤城六路东段388号银池花香丽舍商铺005号
外婆印象(红旗路店),108.96106700740752,34.35352207836011,陕西省西安市未央区徐家湾渭滨街381＃贝多爱婴广场二层
福味居餐饮(八府庄店),108.97416771369771,34.28886879959168,新城区含元路中段新城法院对面(新城法院对面)
华源食府,108.97573067006836,34.372592373617,北三环大明宫建材市场办公楼b座
李想大虾火锅花园(灞桥店),109.0581918240981,34.300875650110505,东城大道与柳虹路十字物美购物广场二楼
众家灯火煎饼庄(赛高店),108.94297840516543,34.31788020015765,经开区未央路121号海山商城二楼
纳家楼(矿山路店),108.99473942232386,34.30314410518031,矿山路海景印象城B区一层
余味川菜湘菜家常菜,109.0579270169835,34.30151718022814,陕西省西安市灞桥区如家快捷酒店(西安灞桥火车站东城大道店)
五味小馆,108.95270428513447,34.33788236059917,凤城七路与永徽路十字东南角（东段18号）荣华北经城旁（斯威特酒店楼下）
船动力9号店(北郊万达店),108.96657463890818,34.32030029928162,太华北路228号供电小区综合楼一楼
李老三腊牛肉夹馍(啤酒路店),108.96713700415255,34.30103176858417,陕西省西安市未央区博一主题酒店(大明宫店)西北80米
无理砂锅,108.95534280832763,34.3232428411798,陕西省西安市未央区凤城三路与贞观路十字6号大院内
悦品坊泡馍馆,108.96874897182698,34.31560846421118,西安市未央区太华北路369号万达广场F1
志盛斋牛羊肉泡馍,108.95273777837743,34.323393063308906,凤城三路6号大院唐朝酒店东侧
东北菜馆,108.96650141014392,34.32563169480778,未央区百花村街坊集市正对面
盛运自助火锅(矿山路店),108.99024182659221,34.30256433356512,太元路与矿山路红绿灯东二环十字西南角
李想大虾,108.94306211350082,34.316271419765854,未央路与凤城一路交叉口东北角中环大厦A座3层
九喜龙虾(凤城六路店),108.9469169818839,34.33485189333129,未央区未央路与凤城六路十字向东行300米路南(枫韵润园小区北门口)
海江河文鱼火锅,108.99909365527107,34.30272215665211,矿山路以东西安煤矿机械厂以西海Z印象城小区裙楼二层三层
融和酒楼(辛家庙店),109.00476340406739,34.31289086417075,陕西省西安市未央区赵围东路南口
澳门德兴海鲜火锅(未央路店),108.942155890092,34.316207894757824,未央路122号(雅荷花园对面)
大厨小馆(未央路店),108.9432017451182,34.31664841579472,凤城2路雅荷花园（雅荷花园中环大厦B座四层）
兴隆楼,108.94931613381335,34.37609484497854,陕西省西安市未央区草滩街道韩家湾元朔路长乐东苑(B区)
香天下清油火锅(凤五店),108.94533162011055,34.33191807065026,未央区未央路与凤城五路十字向东150米路北(人人乐东邻)(近鲜上鲜、奥斯卡赛高影城)
萤初炉端烧(凤城六路店),108.94312933804466,34.33481820070218,张家堡商圈凤城六路与未央路十字东南角3楼(新界小区滚石新天地KTV三楼隔壁、银池丽舍斜对面、中国建设银行经开支行)
印象成都私房菜,108.94471653601967,34.315820352505995,凤城一路雅荷花园内雅荷一路A08号别墅1楼
老白家,108.95686762593441,34.31519333203189,未央区凤城一路314号
关中第一面,109.04109403375345,34.2874297408738,汉佣路御锦城壹街商业二楼鲜味人知海鲜隔壁
大自在火锅(锦园新世纪店),108.95860131595134,34.31100477499758,陕西省西安市未央区二环北路东段-830号
佰味蜀釜(未央路店),108.94209404693038,34.32542143191134,未央路138号中登大厦A座二层
六和坊家宴,108.98371520707022,34.30511670482824,辛家庙西村井东二路六和坊小区门面房二楼
王根烩菜蒸碗,108.96849445427002,34.288786273096896,西安市大明宫遗址区太华南路华润万家广场南排21号
戴琳娜法国餐厅,108.9428158050996,34.293477207554766,龙首村十字东南角陕西省工商总会28楼2801
菜样多自助火锅店,108.99175214554525,34.355687099097295,北辰大道与红旗东路十字东北角
老灶聚宝铜锅,108.95428727507493,34.32332685014344,凤城三路未央路东段六号大院北门（唐朝酒店往东150米）
2701私房专家(凤城五路店),108.94207144053811,34.32993619824561,凤城五路赛高街区三号楼四单元2701室
大东北一品酱骨(凤城三路店),108.95364816891966,34.32340711973446,陕西省西安市未央区凤城三路东段6号大院5号楼2层
川好味食府,109.02321805010368,34.30179756601414,陕西省西安市哄鄙态区李家堡商业街B楼(15、16号)
海伦时光餐厅,108.94338278711382,34.33318032563422,西安凤城五路与未央路十字东北角MAX未来大厦A座3楼
银池里私房菜,108.94329803615105,34.334026724562804,未央路169号银池・品智天下A座20层
红透天自助火锅(洪庆店),109.11227305220089,34.30089147908466,田洪正街156号（庆华中学北隔壁）
千家粗粮王(北郊店),108.94314654080428,34.31872446962285,未央区未央大道125号第五国际3楼
刘家牛羊肉泡馍,109.00857420823591,34.30645463298067,西安市哄鄙态区广运潭大道南段1599号1幢1单元10102室
福味居餐饮(辛家庙店),109.00572607322498,34.31254533344699,广安路中段(中铁二十局斜对面)
湘约爨厨,108.94210789975246,34.298584572663465,西安市未央区未央大道68号
华元饭庄,109.05956177972826,34.302692941928704,华清东路82号（近灞桥火车站，东城大道与柳亭路路口北侧）
宽窄巷(万和店),108.99000971067963,34.28003375768875,西安市新城区长缨西路1号万和城购物中心F5
锦溢轩,108.9550223252709,34.34748571336753,凤城九路东口老魏家湾西南角二楼
鲜上鲜文鱼庄(凤城五路店),108.94437202065758,34.331794757946284,西安未央区凤城五路海逸国际崇尚百货皇冠国际5楼
老码头火锅(凤城三路店),108.95365614505064,34.32340708846881,经济技术开发区凤城三路唐朝酒店向东100米(唐朝酒店佳馨花园6号大院)
阿瓦山寨(万和城店),108.98952227072887,34.27979012164338,西安市新城区长缨西路1号万和城购物中心F4
德富园牛羊肉泡馍馆,108.94615107454645,34.2940471970299,龙首北路龙御花园1号(龙首村什字向东200米)
辣动时代自助火锅(凤城三路店),108.96342239424915,34.32373580503937,西安市未央区百花家园南门
九方艺术餐厅,109.07668963414893,34.29927114756546,东郊灞桥湿地公园柳雪路普华浅水湾对面
盛源澄城水盆羊肉(纺织城客运站店),109.06399960631681,34.281827869344674,柳鸣路城东客运站外1层杜家热米皮隔壁
锦钰餐厅陕南私房菜,109.02837768699202,34.31618916637866,哄鄙态区哄卑氲荷桃到鸾A区10108
船长烧烤,108.94320516749941,34.291536278312435,西安市莲湖区万龙广场1层
醉关中,108.94428545914316,34.33470358527847,陕西省西安市未央区未央路与凤城六路十字向东100米路南银池1号楼2层7室(公共厕所楼上)
泰和鱼庄,108.97926731308971,34.30921394979778,西安市未央区太和路99号
秦满湘美食城,109.0311844950978,34.31643904813247,哄卑氲A10区12号楼10101
一尊皇牛(大明宫万达店),108.96773990577272,34.317964568108195,西安市未央区太华北路369号西安大明宫万达广场F3
重庆小天鹅(赛高街区店),108.94204858423899,34.33081282208342,西安市未央区未央路150号世纪金花F2
满江红海鲜酒楼,109.11286987053995,34.307149473422264,陕西省西安市灞桥区田洪正街111
蝎王府(北稍门店),108.94302220932674,34.2896053314449,莲湖区未央路龙首南路十字向南一百米路东宏林名座2楼(近大明宫寓)
大厨小馆(长樱路店),108.98981987852211,34.28077696807219,西安市新城区长缨西路1号万和城购物中心F4
农家特色一锅炖,108.97935576290092,34.30063861173245,陕西省西安市未央区太华路华远君城东门
猫哥农家铁锅炖,109.02354154259388,34.31390297942909,汉游髀沸路看宥口哄卑氲何髂辖
川江滋香老火锅(大明宫万达店),108.96710337096802,34.31897504299202,大明宫万达广场北侧(龙湖・枫香庭5F)(太华北路与凤城二路十字东北角)
秦府肥牛,109.11284031823885,34.310207893437784,洪庆街155号（田洪正街十九中斜对面）
顶顶香北关店,108.9424064108147,34.297683235814205,未央路68号时代明丰苑7幢1单元2层10201房
赫哲渔家野生大鱼坊,109.0408946146926,34.28717061145757,陕西省西安市灞桥区汉佣路御锦城壹街B区2楼
小肥羊(未央路店),108.94306544874262,34.300167570775585,未央路方新村政法巷1号物资大厦2层
月红仟禧自助涮烤(红旗店),108.96111989426919,34.34595716804621,西安市未央区凤城八路与渭滨路十字高级中学路口(徐家湾站牌向南200米路西)
茗味居家常菜馆,108.97746454061645,34.366591933434265,太华北路路延伸线与北三环交汇处东北角汉庭酒店2楼
澄城煜璋水盆羊肉,108.95643593021056,34.34510711452522,西安张家堡新区北门凤新路与鱼藻路十字东南角显示中医院北门以东米
食色火锅(凤城五路店),108.94224105713428,34.32938343734421,未央区未央路凤城五路赛高街区3号楼2单元2612室(近凤城四路如家快捷酒店)
杨翔豆皮涮牛肚,108.98954419812351,34.28007335412552,西安市新城区长缨西路1号万和城购物中心F4
70年代土灶台(太华北路店),108.97713418534929,34.36228508783713,北三环太华路十字祥云农副产品市场2楼(近中国邮政银行)
老长安泡馍馆,108.95268200000538,34.339862124493095,西安市经开区凤城七路荣华北经城1-03号
辣语传奇四川老火锅,108.95736905124446,34.33097471978578,陕西省西安市未央区凤城五路东段与贞观路十字路北(长庆兴盛园小区北门)
陕北食府(太华路店),108.96833449615143,34.31895850963719,陕西省西安市未央区龙湖・枫香庭(万达广场北60米)
仟禧自助涮烤(灞桥火车站店),109.05846409623216,34.30115149630523,东城大道灞桥火车站街18号物美超市2楼
李想大虾(徐家湾店),108.96134865766993,34.34595877171093,渭滨路139号1-11
春生牛羊肉水盆,108.96091721568233,34.341167601653105,渭滨路和凤城八路交叉口南150米路东
大东北农家铁锅炖,109.07812867066436,34.314022372790255,东城大道(灞桥派出所斜对面100米)周宁商务酒店一楼(原长乐坡空军工程大学西50米搬迁至此)
小能能家私房火锅,108.94316805484519,34.29245832317673,龙首村，十字宫园壹号小区4号楼一单元2802
臻锅肥牛(矿山路店),108.99786804110065,34.30270675283449,矿山路169号
六婆串串香(凤城一路旗舰店),108.96357963433874,34.31513710138588,凤城一路锦园君逸6-10103号
德福记老北京羊蝎子,108.99034144096923,34.351738050890305,北辰大道路西团结村路口，川蓉香辣虾隔壁
礼泉印象老县城面庄,108.98455756316737,34.309351895726984,井东二路安城御花苑4号楼商铺（长安易居小区东门斜对面）
合喜味道(纺织城店),109.05765120116251,34.282905715538305,纺织城新寺路一号9唐都医院正门
东方豪客(华东万和城店),108.98965904249225,34.279965962604884,西安市新城区长缨西路1号万和城购物中心F5
老长安牛羊肉泡馍,109.00185679116899,34.28460407297841,陕西省西安市新城区胡家庙盛唐副食批发市场东排47
野葡萄时尚餐厅,108.96873404812698,34.31753988379752,陕西省西安市未央区太华西路大明宫万达3楼
福瑞祥川菜,108.98508180347193,34.318956380991324,西安市未央区泰和居南门
汉拿山(万达大明宫),108.96868097703383,34.31703881929254,西安市未央区太华北路369号西安大明宫万达广场F3
望海楼,108.9975013584767,34.302455023070316,矿山路169号(海Z印象城a区1层门面)
丁家牛羊肉泡馍,108.98146266646178,34.292354861517936,八府庄北路11号胶鞋厂家属院门面房一层
渔歌・活鱼现烤,108.94212686012443,34.300685113324775,"未央路盛龙广场3楼3018,3019室"
老城印象餐厅,108.94403625637374,34.29104557306525,西安市莲湖区龙首南路1-7号(龙首村十字南100米路东向里50米)(龙首村小学斜对面)
重庆的小板凳老火锅,108.9793881580373,34.30562798402246,太和路中段汇林华城A区东门门口北侧
小竹签烤肉小海鲜,108.94562691714783,34.33482579198393,陕西省西安市未央区凤城六路东段388号东侧
辣巴人,108.94693995792147,34.315135907888084,经开区凤城一路富苑阳光小区40109号
蛙哥虾妹,108.98953537223268,34.28026018574084,西安市新城区长缨西路1号万和城购物中心F5
清心澄城水盆羊肉,108.97996309165688,34.28993215111171,含元路61号
老西安三鲜煮馍（凤城南路店）,108.9458665621162,34.302540396566975,未央路-凤城南路北关新村双龙花园6号楼
福味居(北辰店),108.99034242015321,34.354334820405754,陕西省西安市未央区北辰大道与红旗东路十字西南角
老兵居主题串串火锅(大明宫万达店),108.96879929485735,34.3177882436627,西安市未央区太华北路369号万达广场F1
仟禧自助涮烤(洪庆店),109.11228794241295,34.30543293463328,田洪正街266号德源钢铁大厦3楼
高山流水商务酒楼,108.94197711587508,34.3149381907207,凤城一路8号御道华城2楼
陈二毛肥牛火锅(经开旗舰店),108.94488597792405,34.33512153721322,未央路与凤城六路十字向东200米路北(乐优优超市二楼)
三晖成都厕所串串(西安总店),108.9467278957986,34.335154482449354,凤城六路与开元路交叉口西210米路北
福缘葫芦头,108.9434741030736,34.33515677255436,凤城六路与未央路十字向东20米路北（醉关中对面）
天府米线(建强店),108.9512729624706,34.28268413912101,西安新城区自强东路建强路8号(近老八中队事故科)
权金城(万和城店),108.99001079848551,34.28023872145459,西安市新城区长缨西路1号万和城购物中心F5
你的披萨,108.95630485043586,34.313207595420046,凤城一路皇家园林南排1-0132
鑫和・筷乐阁,108.94345385274069,34.2938472068522,西安市莲湖区未央路19号万龙百货F4
亨牛老火锅,109.06798686035008,34.29679207739051,纺渭路高科绿水东城东门（申家村公交站牌附近）
兄弟大灶台,109.00311502959049,34.34125833337428,欧亚三路向东500米轩辕殿正对面
强氏喜阿婆粥饼店,108.96570799020783,34.31517453312269,凤城一路242号
地中海西餐厅,108.94213390641391,34.330516944626986,西安未央区凤城五路赛高街区A座24楼(近凤城五路地铁站B出口)
春燕餐厅,108.94366277833896,34.299671626886784,大明宫遗址区政法巷2号
奇航炝锅鱼,109.01055046292429,34.31253204134208,广安路新房村西侧（玛格波罗酒店2楼）
北京老铺烤鸭(北关店),108.94281691622885,34.282811188939725,新城区北关正街21号(华润万家超市对面南侧)
胖子自助涮烤,108.99702111376445,34.36786871793065,哄鄙态区北辰村丽景佳园X4号
西湖春天(未央路店),108.94292491434234,34.336533482085,西安市未央区旺景国际大厦2楼
融和酒楼(太华路店),108.96635719974914,34.3145811633156,太华北路242号飞航大厦1层
食卢尚品小厨,108.94230578122753,34.316372839812274,未央路122号2层
乔记葫芦头泡馍馆,108.97989781889784,34.3050253008892,陕西省西安市未央区汇林华城东区汇林商业街商1-105号南侧
八佰宴时尚百汇,108.99012949732091,34.27989842828397,西安市新城区长缨西路1号万和城购物中心F5
卡基诺比萨,109.03118449405002,34.31644004737227,西安市灞桥区哄卑氲A10区12栋103号
灞上轩餐厅,109.03429303716551,34.312011006010195,广安路800号（振业泊公馆北侧底商）
老狼大盘鸡,109.05822298423243,34.30068230798606,柳虹路与东城大道交叉口东南角（好又佳超市向西20米）
八婆串串香火锅,109.05641912179345,34.28894164878537,卞家村9号
壹品湘,108.99018197340051,34.354582522747265,北辰大道与红旗东路十字西南角(温州友发海鲜酒楼旁)
红冠大盘鸡,109.02492517793793,34.326525253170594,哄卑氲A4区北门口101029栋
雷锋自助川味小火锅香锅,108.94757379268867,34.28199310525598,自强东路荣苑小区10号底商（自强东路邮政储蓄旁）
成都呱串串连锁店,108.97985207474261,34.30654968563681,太和路玄武广场商业街7号楼1034号商铺
鱼酷(万和城店),108.99000976121279,34.280139732024004,西安市新城区长缨西路1号万和城购物中心F5
西府印象,108.95195053053686,34.31520440229704,经开区南康新村中区160号
天润和,108.95517091487315,34.327513955961805,凤城四路与贞观路十字西南角
赛拉维Cest La Vie (龙首原店),108.94302687055853,34.293409620244645,莲湖区未央路龙首北路十字向南三十米路西(近肯德基)
海锅仔川派火锅城,108.96696847052323,34.32628145672709,太华北路百花村百花社区芙蓉苑C楼3层
杨记重庆鸡公煲,109.06568293234012,34.28829902697913,"陕西省西安市灞桥区席王路78号(步行街东口,国家电网对面)"
蜀都尚品火锅,108.95313135880478,34.340504653809795,凤城八路EE康城西区南侧（行政中心东区）
马老大葫芦头泡馍,108.9932677761548,34.30613499079418,天香心苑小区1号楼临街商铺
川味香20元自助小火锅,108.94487309785247,34.29126398378486,龙首南路龙首小学西50米
60年代土灶台,109.10274620558049,34.32494493489343,"豁口十字(东城大道与长平路交叉口)南150米,赵西村"
聚友自助涮烤,109.01256044096175,34.31319877961274,广安路新房村综合大楼4楼（近：火狐网吧）
火狼大盘鸡,108.94452220168975,34.29097902653936,2-1号向红三村商业用房
朝阳葫芦头,108.99004213119015,34.33097110216362,陕西省西安市未央区北辰路环园中路口博龙门业市场朝阳
老兵居主题串串火锅(凤城一路店),108.95408217486495,34.31559855621564,陕西省西安市未央区凤城一路东段鼎新花园门面房1层
徐记竹荪鹅私房菜(北郊店),108.953735857203,34.32345174385312,凤城三路东段六号大院7号
渝都家厨鱼庄,109.11277293672099,34.29597946689542,田洪正街海王星1层
老风味澄城水盆羊肉,108.99132858489602,34.36681437333977,北辰立交东北角（禹辰物流斜对面）
香锅里辣尚品家宴,108.97711689088793,34.28177914802838,华清西路225号（贝斯特北门斜对面）
地铁小调――公园1704,108.94411386217999,34.2938474056119,西安市莲湖区龙首十字公园壹号3号楼1单元1704室
七味渔府自助火锅,108.96116179284498,34.349252447518374,渭滨路62号乐派生活广场三层
小厨坊,108.96827735566893,34.316673782456704,西安市未央区太华北路369号西安大明宫万达广场F3
老爹红自助涮烤,109.00176177821217,34.28559399719548,陕西省西安市新城区兴工东路69号(公园北路与兴工路丁字路口路北)
秦皖嫩江鱼美食城,108.96720972741113,34.28804459121507,含元路西口
张大师鸭爪爪特色干锅,108.96715629594141,34.31586978263277,太华北路369号北大明宫万达商场3楼
九喜龙虾(北郊店),108.9559295754469,34.3205526503467,贞观路凤鸣华府一期沿街商铺（图中利君康源大药房向北20米路东）
金汤罐.串串香,108.94387280301272,34.33318648656486,凤城五路与未央路十字东北角MAX未来B座1709室
奇火锅(太华路华润万家店),108.9673587183038,34.28879340146201,太华南路141号华润万家南邻
小杨烤肉・东站路(社区店),108.99776467168978,34.28249867196222,陕西省西安市新城区东站路10号新兴骏景园2期东门向北50米
小刘烧烤,109.03870806395454,34.29515914252021,东城大道慧静寺对面（官厅立交向西150米兴闫小区C区）
57°C湘(万达店),108.96879663655663,34.31748645016909,大明宫遗址区太华北路369号万达广场步行街三层3013/3015
巷里.炭火烧烤,108.94537492718914,34.33378321769219,经济技术开发区常青二路5号枫韵润园第3幢1单元1层10106号房
干锅鸭头,109.01963147606709,34.29105549909006,华清东路与灞柳西路十字西北角凯森福井美地展示中心2楼
矿火锅(西安旗舰店),108.96829349614958,34.28547183106193,太华南路大华1935院内
品客小厨餐厅,109.03167993043398,34.31621152148645,哄卑氲A10区14楼商铺10105（安邸站）
大口品酒楼,109.01903786151264,34.29708463360253,十里铺酒十路61号
鑫和泡馍,108.9840889134443,34.30323820898495,辛家庙街道太元路99号西安职业技术学院西侧
醉美食代陕南私房菜,108.94212686067264,34.300684113912595,未央路盛龙广场4号楼1单元1001室
最美春天艺术餐厅,108.9445537382186,34.29413523806242,莲湖区龙首村十字向东100米公园壹号9号楼306室
望江楼(经开区店),108.94691872626639,34.335158654473105,未央区凤城六路369号上观苑(未央大道十字往东500米路北)
重庆纸包鱼,108.95300435673587,34.31560588809047,西安市未央区凤城一路鼎新花园西头商铺
舌尖壹号,108.96808933998611,34.31798728251647,西安市未央区太华北路369号西安大明宫万达广场F3层
捞天下火锅,109.11226996941755,34.307968957230955,陕西省西安市灞桥区田洪正街268号向阳北路航天医院斜对面
老白家泡馍,109.11227715594457,34.29872477462853,田洪正街677号（稻田酒店楼下）
七婆串串香火锅(八府庄店),108.97528781002605,34.29202972207345,新城区含元路八府庄园11号楼底商
大丰收鱼庄,108.9435155778324,34.29501089718349,西安市未央区未央路33号印象城F4
小二中国菜,108.96861881419287,34.31668556861979,西安市未央区太华北路369号万达广场步行街三层3028号
湘村酒楼,109.03429479695477,34.28823368815076,汉佣路御锦城壹街二楼
悦烤庄无限量自助烧烤,108.98396041130114,34.35038587206809,团结村惠民商业街北门三楼
乞丐酱驴,108.97969285405638,34.30973036025217,太和路长安易居27号楼2层
西域味道新疆特色餐厅,109.03179673066559,34.319273286325235,哄鄙态区哄卑氲A11区第16幢1单元1层10118号
腾云铁板,108.945871295696,34.31558114535132,未央路和凤城一路交叉口雅荷花园A36栋楼2单元（工商局对面西边30米）
77牛排法餐厅,108.96827553868161,34.31651288911954,新城区 大明宫万达3楼
杨记葫芦头,109.02193036574363,34.30193062040977,米秦北路李家堡商业街25号
万州秘制烤鱼西安金裕店,109.01841390532216,34.30419934419599,陕西省西安市灞桥区十里铺北路金裕青青家园东区东门商铺1层
和福顺三汁焖锅(盛龙广场店),108.94213002604667,34.30038125252011,陕西省西安市未央路盛龙购物广场步行街3层-013
1987滚烫时代私房火锅,108.94208176910266,34.33063552777895,凤城五路赛高街区（沃尔玛、世纪金花）3号楼4单元2707室
7石咕咕鱼（华远君城店）,108.97443730267945,34.30237218028485,太元路华远西路商业街10-12号
德里厨房印度菜,108.96715132697067,34.31587374350569,凤城一路与太华路十字东北角大明宫万达广场3楼
周记嫩江鱼私房菜馆,108.97224577402658,34.36395195177161,团结工业园秦川路407库北100米
克拉拉餐厅(北关店),108.94325675265856,34.28209596397496,北关十字东北角天宝国际2楼
喜辣善品火锅,108.94313929811156,34.30886099702147,西安市未央路星河苑三楼(地铁二号线大明宫西站C口向北150米)
小稻谷餐厅,108.95540090895591,34.34783155586823,经开区凤新路首府尚苑1-04号
湘川肴(自强东路店),108.94793539521793,34.28202289335534,中国邮政储蓄银行自强东路邮电所详情 陕西省西安市新城自强东路荣苑小区底商
七婆串串香火锅,109.02189016448204,34.30239569337053,陕西省西安市灞桥区李家堡社区(金裕青青家园)
大食客川会镇,109.05871487533412,34.30215324790403,西安市灞桥区灞桥火车站811号
汉水美食苑,108.99134059582505,34.284030634051824,陕西省西安市新城区金花北路369号
嗨辣川味自助小火锅,108.9629527872999,34.348650726986435,陕西省西安市未央区徐家湾北村永泰平价药房正对面(北10米)
食色火锅(龙首店),108.94334390828944,34.29350769652529,龙首南路宫园一号1号楼19层1914室（德克士北旁边两个大石狮进）
小芭蕉泰式私房火锅（华远君城店）,108.97905275816983,34.30207767933312,太元路华远君城一期三号楼二单元701室
悠游美食地图(盛龙广场店),108.9421178844008,34.30063326026346,西安市未央区未央路盛龙广场3层
凤凰楼,108.94291288265221,34.31741437543553,未央大道115号恒佳首座（凤城一路与二路之间，人人乐对面，近地铁站-图书馆）
刘一手火锅(西安雅荷店),108.9432491004372,34.316315096629616,未央区未央路113号雅荷花园中环C座4楼(凤一与未央路十字北100米)
鱼旨寿司(大明宫万达店),108.96858428778793,34.317424723551156,西安市未央区太华北路369号西安大明宫万达广场F3
茗香碳烤羊腿,109.08102547016965,34.31541347822421,灞桥派出所东边300米路南（灞桥方家村1号）
湘情渝味,109.06480958461978,34.2805208738066,灞桥区枢纽站中泰广场三楼
御品皇三汁焖锅(红旗厂店),108.96111597734014,34.34961313973596,渭滨路乐派生活广场二楼
巩家泡馍,108.95584855813874,34.320847580936736,凤城三路与贞观路十字往南200米路东，凤鸣华府小区西门
花田煮,108.94306844298262,34.29525820990369,西安市未央区未央路33号印象城B1
问稻火锅粥坊(西安旗舰店),108.94320631297121,34.30885717973336,"北二环未央路立交东南角(公交六公司)星河苑大厦4楼(地铁2号线北大明宫西C出口出,北走200米处)"
辣尚仙(纺织城客运站店),109.0646288378224,34.28137746750985,城东客运站中泰广场3楼
老白家泡馍,109.00232985199179,34.28873132742175,陕西省西安市新城区公园北路景怡鑫苑鑫福莱大酒店
石柳石锅坊,109.06779526888315,34.29568506709492,绿水东城13栋10107商铺（纺渭路高科绿水东城十字往北100米路西）
一品香食府(李家堡店),109.02324701252476,34.30177928889425,米秦北路李家堡商业街22号
王府大虾,108.98996657569607,34.32261837746026,北辰路祥和居东门北面100米路西（原中国化隆）
川香奇香(太华路店),108.96760297151933,34.288850210269025,太华南路华润万家北商业街
蜀九香火锅酒楼(经开店),108.94427622657845,34.319040824272186,未央路与凤城二路交汇处(全季酒店二楼)
必胜客(未央餐厅),108.9422690021842,34.31710274408488,未央路126号赛高国际1-2楼(近凤城一路)
Med Club主题火锅,108.94229680033267,34.30092578141277,陕西省西安市未央区未央路盛龙广场盛龙新街西口北3号楼1单元809室
川西辣婆婆火锅(龙首村店),108.94302396737757,34.29284891628182,未央路23号
邢老三胡辣汤(凤城六路店),108.94532312584982,34.33474906274052,陕西省西安市经开区凤城六路银池花香丽舍小区2号楼北商铺一层
老马家牛羊肉泡馍馆张家堡新村NO.1,108.96050168085092,34.34747789074236,渭滨路49号
28楼萤火虫泰式私房火锅(北郊店),108.94213630269986,34.297670710249825,西安未央区未央路68号时代明丰苑B座2806室(顶顶香楼上)
小六汤包(凤城五路店),108.94439815506173,34.331645573345384,崇尚百货3层
辣食尚新派五味香锅,109.06461451580931,34.28061880860981,西安市灞桥区城东客运站3楼
宽座私房火锅,108.94382504935241,34.332911252945685,凤城五路与未央路十字向北100米路东(佳琦酒店)楼上2105室
歹歹的新疆餐厅,108.9436769734928,34.29332078446444,龙首村宫园壹号8号楼一单元1201室
蜀江烤鱼(大明宫万达店),108.9682747811788,34.31723433801424,西安市未央区太华北路369号西安大明宫万达广场F3
小厨娘私房火锅(未央店),108.94203957993746,34.32301504255813,凤城三路与未央路交汇西南角凤凰新城2号楼B单元401室(西北石油管道斜对面)
铭善园肥牛,109.06705135423127,34.29535601144231,高科绿水东城一期底商（近纺渭路）
双鹦食府,108.96833449615143,34.31895850963719,凤城二路北侧龙湖枫香庭第7幢1单元3层10306号商铺
后海餐厅・海盗乐园(大明宫店),108.96731806125375,34.31690319037487,大明宫万达广场与凤城一路十字向东200米路北(大明宫万达1号门南侧往东200米)
打气鸭(北稍门分店),108.94319801913838,34.286832213172396,陕西省西安市新城区北关三联大厦(安远门地铁站北)
山城老味,108.97693484075103,34.30277449613255,西安市未央区太元路华远君城4幢1单元2层10201号房
岐山臊子面,108.96569181196648,34.315451225565866,西安市未央区万达广场3号
重庆美蛙渔头火锅,108.98779248592496,34.31896990655275,北二环东段辛家庙红星美凯龙北侧泰和居南门东侧
阿妹米线61蒸美味(凤城五路店),108.95949788643033,34.33153382111492,凤城五路与渭滨路十字紫薇希望城人人乐超市1楼(兴盛园小区北门)
三味火锅,108.94593361910938,34.33158102329395,陕西省西安市未央区凤城五路地铁口D出口东100米海棠花园1号楼1单元903室
吖咪吖咪(万和城店),108.98994555786665,34.280524756043135,西安市新城区长缨西路1号万和城购物中心F4
德克士(希望城人人乐店),108.96002516299536,34.33165846011613,西安市未央区凤城五路东段希望城人人乐超市一层
德克士(凤城路店),108.94305639061983,34.3160036972444,未央大道雅荷中环大厦C座一二层
三味珍火锅,109.03149246154699,34.31846668920186,哄卑氲A10区3号楼底商10110室
那些年私房火锅,109.00786491897438,34.30317960636501,东二环矿山路罗马花园7-2-109号
骨汤冒菜自助小火锅,108.98313441891425,34.35036013461146,团结村惠民商业街28号尚尚酒吧西侧
秦胜老潼关肉夹馍(北关店),108.94291916362612,34.28346872801928,大明宫遗址区北关正街16号
魏家凉皮(凤城六路店),108.94452606026482,34.33513353942619,西安市经开区凤城六路银池丽舍第2幢1单元1层10106号
左邻右舍酸菜鱼,108.96096199777449,34.332004087531,陕西省西安市未央区紫薇希望城东区商铺7-10109
7号高地铁锅食代,108.97938902931888,34.305784893955945,陕西省西安市未央区太和路汇林华城东门门面房2楼
多斯卡纳主题餐厅(北关华润万家对面),108.94320595386773,34.28266342762458,新城区正街21号秦地雅仕304室（北关华润万家对面）
有一家烧烤,108.99490795262244,34.3030541879358,东二环矿山路海Z印象城B区3楼(刘南村车站)
韩善林(龙首店),108.94321178603849,34.29400206918231,西安市莲湖区未央路19号万龙百货F4
香香烂猪蹄,109.03135247005883,34.31840691239573,西安市哄鄙态区哄卑氲A10区3-10105
嘻哈串串,109.00945770504548,34.302646114773104,矿山路锦城四季小区门口（铁道与兰卡威小镇东门之间）
凯祥鱼味居,108.98606765075473,34.29482208898248,陕西省西安市新城区东元西路彩云郡北门
澳门广信猪骨煲,108.98993180469336,34.28077650302969,西安市新城区长缨西路1号万和城购物中心F4
小六汤包(印象城店),108.94310349743189,34.2950888636081,西安市未央区未央路33号印象城B1
大厨小店,108.97065784860239,34.28896649726527,含元路292号(金海岸酒楼对面)
0火锅,109.04095256451686,34.286134872517906,汉佣路御锦城壹街商业街北区B01(地铁一号线汉诱A2口出)
壮仔龙虾,108.94726672313041,34.33476368537539,经开区常青二路枫韵润园小区1幢3单元1层30105号
香居,108.95755861026038,34.3316550982149,凤城五路东段浪琴湾小区南门
福堂小厨(东二环店),108.99026542398117,34.28037316348367,西安市新城区长缨西路1号万和城购物中心F4
红满满自助涮烤,109.05752991072035,34.30056371685217,柳亭路与柳虹路交叉口西行50米（吴铭火锅灞桥店西隔壁）
北京烤鸭(原魏家湾烤鸭店),108.96053220341079,34.348820218907825,陕西省西安市未央区渭青南路东口
重庆老三样,108.96383208056766,34.354041920224454,渭滨路54号二层201室
王记金碗葫芦头,109.05164044593795,34.280714992183626,电厂东路5号
食尚湘厨,108.9434528194902,34.29400114564848,西安市莲湖区未央路19号万龙百货F4
王府一品大虾,109.11236156415916,34.30265190814861,田洪正街航天十八层斜对面
京泉涮肉坊,109.05849914881209,34.27938908075898,纺织城纺北路9号4层
到家尝饭庄,108.94295206141356,34.28753298945015,陕西省西安市未央路北稍门北关正街39-21号(北稍门公交车站旁)
李老冒冒菜香锅(凤城五路直营店),108.94399940026764,34.332515507393644,陕西省西安市未央区未央路与凤城五路东北角海逸国际A座
食为记新概念私房菜(西安店),108.98954637842768,34.280499277007515,西安市新城区长缨西路1号万和城购物中心F4
渝尚纸包鱼,109.01134507658476,34.31164619994431,新兴路与广安路丁字口西南角（西岸国际花园东门口向东20米）
傻得冒冒菜馆西岸国际花园店,109.01143285166903,34.310329167085314,辛家庙街道广安路西岸国际花园北苑10104号
谷粮丰（大明宫万达店）,108.96769953688606,34.31575093076553,太华北路369号万达广场广场步行街三层3020号
大眼睛牛肉火锅,108.94216731349124,34.33011082532897,"西安未央区未央路与凤城五路十字,赛高街区,3号楼4单元1007室(近世纪金花)"
捌零时光私房火锅,108.94211901668947,34.31702773438375,西安未央区未央路126号赛高国际C座10楼1001室(近凤城二路)
刑老三肉丸胡辣汤(哄卑氲旱),109.03281027288438,34.316499232683135,哄卑氲A10区13栋10106室商铺
肯德基(赛高餐厅),108.94213500213597,34.330418006297734,未央路150号
冒牌火锅菜(龙首店),108.94212686012443,34.300685113324775,盛龙广场3楼3027号
千禧葫芦头泡馍,109.01845257190084,34.30450391868458,十里铺北路与矿山路路路口向北400m路东
辣皇上多国锅(盛龙广场店),108.9421138912683,34.300617321400644,方新路盛龙广场3楼
祥D府火锅店,108.99021868082951,34.35102373941625,西安未央区北辰大道团结村口路东南角3楼
辣外婆,108.94408282829212,34.294014685556704,西安市莲湖区未央路19号万龙百货F1
皖北一锅炖,108.99013252813556,34.350829663596805,陕西省西安市未央区北辰大道团结村楷都酒店2层
炉诱 风尚烤吧(华东万和城店),108.98961272772053,34.280471198368744,西安市新城区长缨西路1号万和城购物中心F5
小六汤包(大明宫万达店),108.96831308790263,34.31572478479796,西安市未央区太华北路369号西安大明宫万达广场F3
小雄寿司(印象城店),108.94351339578094,34.295643604783336,西安市未央区未央路33号印象城B1
毛记冒菜(凤城五路店),108.95969642151302,34.33099746877983,未央区五路东段兴盛园小区27栋
绿康态●自助转台涮烤(大明宫万达店),108.9673231466512,34.315836032215785,太华北路369号万达广场步行街三层（顶顶香隔壁）
80记忆馆,108.94230426347643,34.31686747516341,西安未央区未央路126号赛高国际A座0902室(近凤城二路)
德香苑,108.96868184760594,34.31715473890196,陕西省西安市未央区西安市区太华北路369号大明宫万达广场3楼3021
独一佳湘菜,108.99004343919643,34.28014119229567,西安市新城区长缨西路1号万和城购物中心F4
凤鸣岐山面,109.03592839619667,34.362112016941424,华南城2号交易广场1层D区12号
关中霸道面庄,109.06381478054745,34.30749220126961,西安市灞桥区柳林居1层
LOVE重庆鱼香思,108.95404308147367,34.32329472461011,凤城三路贞观路6号大院北门东侧(原凤城八路店）
仙谷记麻辣香锅 大明宫万达店,108.96759730673911,34.3166724573784,北二环与太华北路交汇处向北200米万达广场3楼
水晶焰私房火锅,108.9420006634765,34.329674318249154,凤城五路赛高街区3号楼3单元1907室（未央路世纪金花楼上）
大男孩私家臻品,108.94211901668947,34.31702773438375,西安未央区未央路赛高国际3号楼1单元1606室(近大千骨头庄)
老渔翁铁锅鱼村,109.10957025177049,34.29303343617536,西安灞桥区洪庆街道田王十字庆华医院斜对面
和憩园火锅坊,108.98447613035343,34.322222250327,北辰大道祥和居西门向北100米（宝宝乐隔壁）
横城韩牛(大明宫万达店),108.96867049906291,34.316619048783274,太华北路369号万达广场三楼3029号
厚藤咖啡,108.94218289889837,34.29866156051595,未央大道68号时代明丰苑（方新村站牌旁）
love coffee绿植茶餐厅,108.94290773735604,34.29392984836823,莲湖区龙首村十字东南角万龙广场宫园壹号1号楼1214室
李老冒,108.9439068311488,34.294036729392985,西安市莲湖区未央路19号万龙百货F1
UFO炭火烤鱼,108.94390769452215,34.31863141853971,未央路与凤城二路十字东南角人人乐百货4楼
茉上花开水晶焖锅,108.94378209373158,34.29261486355353,莲湖区未央路宫园壹号3号楼1单元2802室
毛哥海鲜石板烤,108.94207240301166,34.32997515579814,赛高街区3号楼2单元1301（近凤城四路）
祥祥川菜鱼庄,109.0646901436392,34.28570554947059,"陕西省西安市灞桥区城东客运站中泰商城对面(近中泰商城,城东客运站)"
重庆回味鱼庄,108.9697072363629,34.35568118023895,西安未央区未央区红旗东路电梯厂秦晋家园一楼
马家牛羊肉泡馍,109.01527655566763,34.30982585587566,广兴路西岸国际花园东苑第1幢1单元1层10103号房
湘雅轩食府(唐都店),109.05585414580682,34.283410526911595,唐都医院向西50米（恒泰宾馆一楼）
老城味道,108.9616082366302,34.34595651206248,西安市未央区渭滨街139号
周公故里岐山面府,109.11242083272484,34.301784418492126,田洪正街155号（庆华中学北隔壁）
东东包(华远君城店),108.97871355091316,34.3026657823272,西安市未央区太远路华远君城3号楼一单元10106室
吴峰老潼关肉夹馍(凤城八路东店),108.94842313924025,34.34234037409527,陕西省西安市未央区雅荷城市花园(西安市委东南)
德克士(北关店),108.94229250562779,34.285529995069865,北关正街36-7号气象大厦1楼
马有才牛肉拉面,108.94467702743005,34.335131846917115,陕西省西安市未央区凤城六路东段(银池花香丽舍附近)
辣翻天自助火锅,109.1121993277094,34.29913324769513,田洪正街146号
火色(印象城店),108.94321732684529,34.29574513792718,西安市未央区未央路33号印象城F4
马家泡馍馆,109.05762780403279,34.28188935039337,席王新村八组107号（新医路客来粥到附近）
火狼大盘鸡(八府庄店),108.97615405227587,34.29238518176818,陕西省西安市新城区太华路街道八府庄园小区6号楼
可心楼餐厅,108.9711686910113,34.355692055343944,红旗东路秦晋家园小区东区铁路口
王华峰肉夹馍(凤城一路店),108.94562556182792,34.315454796824106,经开区凤城一路雅荷花园小区24号
阿秦嫂串串香,109.0255245112926,34.28894198359929,新桥路十里铺东方大市场北门
重庆侨巴儿火山渔,108.96961892827356,34.35574635623682,红旗东路3号秦晋家园底商电梯厂对面
至尊煲汤肥牛,109.11220002099444,34.30711036419078,西安灞桥区田洪正街248号客又多超市隔壁(田洪正街铸造厂对面)
毛记冒菜(太元路店),108.97876525683682,34.30237165086374,太元路华远君城3栋1单元10107号（红绿灯十字西南角）
小阿妹米线,108.96862635837613,34.31893392445994,凤城二路北侧龙湖枫香庭第7幢1单元1层10117号商铺
丸火(大明宫万达店),108.96828845304498,34.31744828628817,太华北路369号万达广场三楼丸火餐厅
鱼火火秘制烤鱼,108.96879668819037,34.31649320105775,西安市未央区太华北路369号万达广场F1
三和香牛羊肉泡馍,108.9534477939703,34.32337794669464,经开区凤城三路连心路6号（6号大院）4-1-4
迈德思客（徐家湾店）,108.96105026353491,34.34596798647388,渭滨街139号(建行对面)
贵妃醉蹄(凤城一路店),108.96314389910539,34.31548593470393,陕西省西安市未央区大明宫街道凤城一路西铁大明宫小区
锦官芙蓉(大明宫万达店),108.96723884155288,34.31574447985874,西安未央区太华北路369号大明宫万达广场3楼3030-3031号
东盛祥壹分利饭庄,108.99290818371452,34.28523975312705,西安兴工西路11号
占国牛肉拉面,108.97805457494782,34.30279497906633,陕西省西安市未央区太元路华远君城3号楼
椒太郎烫菜馆,109.05738583343681,34.28898266841944,席王路与柳虹路交叉口向西50米(唐都医院北门)
赵记腊汁肉店(矿山路店),108.99471662889854,34.30314482952539,未央区矿山路海Z形象城B区(矿山路路口)
时代烤鱼(御锦城店),109.04110205802546,34.28750456175245,御城路御锦城商业区壹街1楼（西凉私房菜向北50米）
岐隆面霸(宫园壹号店),108.94375582300471,34.294072492165476,西安市莲湖区未央路荣民国际广场1层
艾尚雅餐厅,108.94439815506173,34.331645573345384,凤城五路地铁口崇尚百货人人乐5楼
聚福生葫芦头,108.95736409216956,34.34532798295767,未央区新府一路张家堡新村北门
小云南阿卜音乐美厨,108.96723884155288,34.31574447985874,太华北路369号大明宫万达广场3楼
花少爷的粥(印象城店),108.94351941803885,34.295571569117676,西安市未央区未央路33号印象城B1
福窝私房美食,108.94409759885187,34.317769878931315,陕西省西安市未央区未央路武警小区3号楼2单元8楼(人人乐对面)
藏式秘汁烤鱼(灞桥店),109.06728577008943,34.31327357375215,陕西省西安市灞桥区柳亭路与灞桥北街交叉口西北(纺渭路北)
清竹缘,108.95440291503576,34.323315474898614,凤城三路六号大院东段7-1-4号
扯扯面馆,108.94586723472202,34.29411406253298,"莲湖区龙首北路(万龙百货)东段路南,龙御花园商业一号"
迈德思(新房村店),109.01179075507288,34.312705474945886,广安路新房村大门楼旁
中国兰州本土清汤牛肉拉面(哄卑氲鹤艿),109.0352405025359,34.31838782838693,陕西省西安市哄鄙态区哄卑氲A15区19号楼10103商铺
王华峰肉夹馍(东郊店),109.03865243097597,34.32198965480185,哄卑氲A15栋19号
李老三腊牛肉夹馍(含元路店),108.97518483578156,34.288934766222226,陕西省西安市新城区保亿风景大院25-4-101
毛记冒菜(明珠家居店),108.95708096613033,34.31093726089461,西安市锦园新世纪15幢10101号商铺
御品轩(凤城二路店),108.94420111856842,34.319150601081944,陕西省西安市未央区凤城二路东段6号全季酒店1层
三勺辣子牛肉拉面,108.95754965297647,34.331650106568674,凤城五路东段浪琴湾小区门口东50米（人人乐超市向西100米）
乐天包子,108.942879613317,34.285118713516475,北关正街35号方新大厦情唐湾酒店1楼
老秦味道biangbiang面,108.94316230245269,34.30886071539597,未央路与北二环十字东南角（公交六公司站星河苑四楼）
东东包(太华路店),108.96788990352118,34.289014350987266,太华南路141号
克拉拉(龙首村店),108.94228753909242,34.29388469911956,陕西省西安市莲湖区未央路38号龙首村什字西南角地铁口
乡村基(太华路万达店),108.96715925929216,34.315884792926816,太华北路369号大明宫万达广场负一层
火锅工坊,109.01913086313961,34.29124580395084,十里铺酒十路(陕西信合银行北邻)
东东包(凤城六路店),108.94441708079573,34.33513377206918,未央路与凤城六路十字向东100米(银池丽舍云端小区一楼商铺中间)
小阿妹米线（御锦城店）,109.04101690077815,34.2875811481257,长乐东路地铁一号线汉诱颈笨冢ㄓ锦城商业街北区A011）
德克士(太华路店),108.96762578498864,34.28844753858372,陕西省西安市新城区太华南路141号家豪商务区南楼1层1号
迈德思(洪庆店),109.11220031752295,34.309088029032665,田洪正街272号1楼
名都国际酒店新丝路西餐厅,108.94227498420294,34.32651224197347,未央路140号名都国际酒店1层
迈德思客(灞桥车站店),109.05830180897208,34.30120383518989,柳巷村154号
